EmployeeNumber,Age,AgeBand,Gender,MaritalStatus,Education,EducationField,
1,41,35 - 44,Female,Single,Associates Degree,BBA,
2,49,45 - 54,Male,Married,High School,BE,
4,37,35 - 44,Male,Single,Associates Degree,Btech,
5,33,25 - 34,Female,Married,Master's Degree,BE,
7,27,25 - 34,Male,Married,High School,Software BE,
8,32,25 - 34,Male,Single,Associates Degree,BE,
10,59,Over 55,Female,Married,Bachelor's Degree,Software BE,
11,30,25 - 34,Male,Divorced,High School,BE,
12,38,35 - 44,Male,Single,Bachelor's Degree,BE,
13,36,35 - 44,Male,Married,Bachelor's Degree,Software BE,
14,35,35 - 44,Male,Married,Bachelor's Degree,Software BE,
15,29,25 - 34,Female,Single,Associates Degree,BE,
16,31,25 - 34,Male,Divorced,High School,BE,
18,34,25 - 34,Male,Divorced,Associates Degree,Software BE,
19,28,25 - 34,Male,Single,Bachelor's Degree,BE,
20,29,25 - 34,Female,Divorced,Master's Degree,BE,
21,32,25 - 34,Male,Divorced,Associates Degree,BE,
22,22,Under 25,Male,Divorced,Associates Degree,Software BE,
23,53,45 - 54,Female,Married,Master's Degree,BBA,
24,38,35 - 44,Male,Single,Bachelor's Degree,BE,
26,24,Under 25,Female,Divorced,Associates Degree,Btech,
27,36,35 - 44,Male,Single,Master's Degree,BBA,
28,34,25 - 34,Female,Single,Master's Degree,BE,
30,21,Under 25,Male,Single,Associates Degree,BE,
31,34,25 - 34,Male,Single,High School,Software BE,
32,53,45 - 54,Female,Divorced,Bachelor's Degree,Btech,
33,32,25 - 34,Female,Single,High School,BE,
35,42,35 - 44,Male,Married,Master's Degree,MBA,
36,44,35 - 44,Female,Married,Master's Degree,Software BE,
38,46,45 - 54,Female,Single,Master's Degree,MBA,
39,33,25 - 34,Male,Single,Bachelor's Degree,Software BE,
40,44,35 - 44,Male,Married,Master's Degree,Btech,
41,30,25 - 34,Male,Single,Associates Degree,Software BE,
42,39,35 - 44,Male,Married,Bachelor's Degree,BA,
45,24,Under 25,Male,Married,Bachelor's Degree,Software BE,
46,43,35 - 44,Female,Divorced,Associates Degree,Software BE,
47,50,45 - 54,Male,Married,Associates Degree,MBA,
49,35,35 - 44,Female,Married,Bachelor's Degree,MBA,
51,36,35 - 44,Female,Married,Master's Degree,BE,
52,33,25 - 34,Female,Married,Bachelor's Degree,BBA,
53,35,35 - 44,Male,Divorced,Associates Degree,Btech,
54,27,25 - 34,Female,Divorced,Master's Degree,BE,
55,26,25 - 34,Male,Single,Bachelor's Degree,BE,
56,27,25 - 34,Male,Single,Bachelor's Degree,BBA,
57,30,25 - 34,Female,Single,Associates Degree,Software BE,
58,41,35 - 44,Female,Married,Bachelor's Degree,Diploma,
60,34,25 - 34,Male,Single,Master's Degree,MBA,
61,37,35 - 44,Male,Married,Associates Degree,BE,
62,46,45 - 54,Male,Single,Master's Degree,MBA,
63,35,35 - 44,Male,Married,High School,BE,
64,48,45 - 54,Male,Single,Associates Degree,BE,
65,28,25 - 34,Male,Single,Master's Degree,Diploma,
68,44,35 - 44,Female,Divorced,Doctoral Degree,MBA,
70,35,35 - 44,Male,Married,Associates Degree,Software BE,
72,26,25 - 34,Female,Married,Bachelor's Degree,MBA,
73,33,25 - 34,Female,Single,Associates Degree,BE,
74,35,35 - 44,Male,Married,Doctoral Degree,BBA,
75,35,35 - 44,Female,Married,Master's Degree,Software BE,
76,31,25 - 34,Male,Divorced,Master's Degree,BE,
77,37,35 - 44,Male,Divorced,Master's Degree,BE,
78,32,25 - 34,Male,Married,Bachelor's Degree,Software BE,
79,38,35 - 44,Female,Single,Doctoral Degree,BE,
80,50,45 - 54,Female,Divorced,Associates Degree,Software BE,
81,59,Over 55,Female,Single,Bachelor's Degree,BBA,
83,36,35 - 44,Female,Divorced,Bachelor's Degree,Diploma,
84,55,Over 55,Female,Divorced,Bachelor's Degree,Software BE,
85,36,35 - 44,Male,Single,Bachelor's Degree,BE,
86,45,45 - 54,Male,Divorced,Bachelor's Degree,BE,
88,35,35 - 44,Male,Married,Bachelor's Degree,Software BE,
90,36,35 - 44,Male,Married,Bachelor's Degree,Software BE,
91,59,Over 55,Female,Single,High School,BBA,
94,29,25 - 34,Male,Married,Bachelor's Degree,BE,
95,31,25 - 34,Male,Single,Master's Degree,Software BE,
96,32,25 - 34,Male,Married,Bachelor's Degree,BE,
97,36,35 - 44,Female,Married,Bachelor's Degree,BE,
98,31,25 - 34,Female,Single,Master's Degree,BE,
100,35,35 - 44,Male,Single,Master's Degree,MBA,
101,45,45 - 54,Male,Married,Master's Degree,Btech,
102,37,35 - 44,Male,Single,Master's Degree,Software BE,
103,46,45 - 54,Male,Divorced,Associates Degree,Software BE,
104,30,25 - 34,Male,Married,High School,BE,
105,35,35 - 44,Male,Single,Bachelor's Degree,Software BE,
106,55,Over 55,Male,Married,Associates Degree,BBA,
107,38,35 - 44,Female,Divorced,Bachelor's Degree,Software BE,
110,34,25 - 34,Male,Married,Associates Degree,Software BE,
112,56,Over 55,Male,Single,Bachelor's Degree,BE,
113,23,Under 25,Male,Divorced,High School,BA,
116,51,45 - 54,Male,Married,Master's Degree,BE,
117,30,25 - 34,Male,Married,Bachelor's Degree,BE,
118,46,45 - 54,Male,Single,Associates Degree,BSc. Computers,
119,40,35 - 44,Male,Married,Master's Degree,BE,
120,51,45 - 54,Male,Single,Master's Degree,MBA,
121,30,25 - 34,Female,Divorced,Associates Degree,BSc. Computers,
124,46,45 - 54,Male,Married,Bachelor's Degree,Software BE,
125,32,25 - 34,Male,Single,Master's Degree,BSc. Computers,
126,54,45 - 54,Female,Married,Master's Degree,Diploma,
128,24,Under 25,Female,Married,Associates Degree,B.Com,
129,28,25 - 34,Male,Married,Bachelor's Degree,BSc. Computers,
131,58,Over 55,Male,Single,Master's Degree,BSc. Computers,
132,44,35 - 44,Male,Married,Bachelor's Degree,Software BE,
133,37,35 - 44,Male,Divorced,Master's Degree,Human Resources,
134,32,25 - 34,Male,Single,High School,BE,
137,20,Under 25,Female,Single,Bachelor's Degree,BE,
138,34,25 - 34,Female,Single,Master's Degree,Btech,
139,37,35 - 44,Male,Divorced,Associates Degree,BE,
140,59,Over 55,Female,Married,Master's Degree,Human Resources,
141,50,45 - 54,Female,Married,Bachelor's Degree,BE,
142,25,25 - 34,Male,Single,Bachelor's Degree,MBA,
143,25,25 - 34,Male,Married,High School,Software BE,
144,22,Under 25,Female,Single,Bachelor's Degree,Software BE,
145,51,45 - 54,Female,Single,Master's Degree,Software BE,
147,34,25 - 34,Male,Single,Bachelor's Degree,BE,
148,54,45 - 54,Female,Single,Bachelor's Degree,Human Resources,
150,24,Under 25,Male,Married,High School,BE,
151,34,25 - 34,Female,Divorced,Master's Degree,BE,
152,37,35 - 44,Male,Single,Bachelor's Degree,BBA,
153,34,25 - 34,Female,Single,Bachelor's Degree,Software BE,
154,36,35 - 44,Female,Married,Associates Degree,BA,
155,36,35 - 44,Female,Divorced,Associates Degree,BE,
158,43,35 - 44,Male,Married,Associates Degree,BBA,
159,30,25 - 34,Male,Divorced,Bachelor's Degree,BE,
160,33,25 - 34,Male,Married,Associates Degree,MBA,
161,56,Over 55,Female,Married,Master's Degree,BE,
162,51,45 - 54,Male,Single,Bachelor's Degree,BE,
163,31,25 - 34,Male,Married,Master's Degree,BBA,
164,26,25 - 34,Female,Married,Bachelor's Degree,Btech,
165,58,Over 55,Female,Married,Master's Degree,Software BE,
167,19,Under 25,Male,Single,High School,MBA,
169,22,Under 25,Male,Married,High School,Diploma,
170,49,45 - 54,Female,Married,Master's Degree,Software BE,
171,43,35 - 44,Female,Single,Bachelor's Degree,Software BE,
174,50,45 - 54,Female,Single,Bachelor's Degree,MBA,
175,31,25 - 34,Female,Married,Bachelor's Degree,BBA,
176,41,35 - 44,Male,Divorced,High School,BBA,
177,26,25 - 34,Female,Married,High School,Human Resources,
178,36,35 - 44,Male,Divorced,Associates Degree,Software BE,
179,51,45 - 54,Male,Single,Master's Degree,BE,
182,39,35 - 44,Female,Married,Master's Degree,BBA,
183,25,25 - 34,Male,Married,Bachelor's Degree,BBA,
184,30,25 - 34,Male,Married,Bachelor's Degree,Human Resources,
190,32,25 - 34,Female,Single,Bachelor's Degree,Software BE,
192,45,45 - 54,Male,Single,Bachelor's Degree,Software BE,
193,38,35 - 44,Female,Single,Doctoral Degree,Diploma,
194,30,25 - 34,Female,Single,Bachelor's Degree,BE,
195,32,25 - 34,Male,Divorced,Associates Degree,BSc. Computers,
197,30,25 - 34,Female,Divorced,Bachelor's Degree,Diploma,
198,30,25 - 34,Male,Single,High School,Software BE,
199,41,35 - 44,Male,Divorced,Bachelor's Degree,BE,
200,41,35 - 44,Male,Married,Master's Degree,BE,
201,19,Under 25,Female,Single,High School,Software BE,
202,40,35 - 44,Female,Divorced,Bachelor's Degree,Software BE,
204,35,35 - 44,Male,Married,Doctoral Degree,MBA,
205,53,45 - 54,Male,Married,Associates Degree,MBA,
206,45,45 - 54,Male,Divorced,Bachelor's Degree,BE,
207,32,25 - 34,Female,Single,Bachelor's Degree,MBA,
208,29,25 - 34,Male,Married,High School,Diploma,
211,51,45 - 54,Male,Married,Master's Degree,Software BE,
214,58,Over 55,Female,Married,Bachelor's Degree,Software BE,
215,40,35 - 44,Male,Married,Master's Degree,MBA,
216,34,25 - 34,Female,Married,Master's Degree,MBA,
217,22,Under 25,Male,Married,High School,Software BE,
218,27,25 - 34,Male,Divorced,Bachelor's Degree,Software BE,
221,28,25 - 34,Male,Married,Bachelor's Degree,Software BE,
223,57,Over 55,Male,Divorced,Associates Degree,BE,
224,27,25 - 34,Male,Divorced,Bachelor's Degree,Software BE,
226,50,45 - 54,Female,Single,Bachelor's Degree,BE,
227,41,35 - 44,Male,Divorced,Bachelor's Degree,BE,
228,30,25 - 34,Female,Married,Bachelor's Degree,BBA,
230,38,35 - 44,Female,Single,Master's Degree,BBA,
231,32,25 - 34,Male,Single,Doctoral Degree,BE,
233,27,25 - 34,Male,Married,Bachelor's Degree,Diploma,
235,19,Under 25,Female,Single,High School,BA,
238,36,35 - 44,Male,Single,Associates Degree,Software BE,
239,30,25 - 34,Male,Divorced,Bachelor's Degree,Software BE,
240,45,45 - 54,Female,Divorced,Associates Degree,BBA,
241,56,Over 55,Female,Divorced,Bachelor's Degree,BE,
242,33,25 - 34,Male,Single,Bachelor's Degree,BE,
243,19,Under 25,Male,Single,Bachelor's Degree,BE,
244,46,45 - 54,Female,Divorced,Associates Degree,MBA,
245,38,35 - 44,Female,Single,Associates Degree,BE,
246,31,25 - 34,Female,Married,High School,Software BE,
247,34,25 - 34,Female,Single,Associates Degree,Software BE,
248,41,35 - 44,Female,Single,Associates Degree,MBA,
249,50,45 - 54,Male,Married,Bachelor's Degree,Software BE,
250,53,45 - 54,Female,Divorced,Associates Degree,Software BE,
252,33,25 - 34,Female,Married,Bachelor's Degree,Software BE,
253,40,35 - 44,Female,Married,High School,Software BE,
254,55,Over 55,Male,Single,Master's Degree,Software BE,
256,34,25 - 34,Male,Married,High School,BE,
258,51,45 - 54,Female,Single,Bachelor's Degree,Software BE,
259,52,45 - 54,Male,Married,Master's Degree,BE,
260,27,25 - 34,Female,Single,Bachelor's Degree,Software BE,
261,35,35 - 44,Male,Married,Associates Degree,BE,
262,43,35 - 44,Male,Divorced,Bachelor's Degree,Software BE,
264,45,45 - 54,Male,Married,Associates Degree,Software BE,
267,37,35 - 44,Male,Married,Bachelor's Degree,BE,
269,35,35 - 44,Female,Single,Bachelor's Degree,Software BE,
270,42,35 - 44,Female,Divorced,Associates Degree,Software BE,
271,38,35 - 44,Male,Married,Master's Degree,BE,
273,38,35 - 44,Male,Married,Bachelor's Degree,Diploma,
274,27,25 - 34,Male,Married,High School,Diploma,
275,49,45 - 54,Male,Divorced,Master's Degree,BE,
277,34,25 - 34,Male,Divorced,Master's Degree,Software BE,
281,40,35 - 44,Male,Married,Associates Degree,Software BE,
282,38,35 - 44,Male,Married,High School,Software BE,
283,29,25 - 34,Female,Married,Bachelor's Degree,MBA,
284,22,Under 25,Male,Divorced,Bachelor's Degree,BE,
286,36,35 - 44,Female,Single,High School,Software BE,
287,40,35 - 44,Male,Married,Doctoral Degree,BE,
288,46,45 - 54,Male,Divorced,Master's Degree,Software BE,
291,32,25 - 34,Male,Married,Master's Degree,BSc. Computers,
292,30,25 - 34,Male,Single,High School,BE,
293,27,25 - 34,Female,Single,Bachelor's Degree,BBA,
296,51,45 - 54,Male,Married,Master's Degree,BE,
297,30,25 - 34,Female,Single,Bachelor's Degree,Diploma,
298,41,35 - 44,Female,Single,Bachelor's Degree,BBA,
299,30,25 - 34,Female,Single,Master's Degree,MBA,
300,29,25 - 34,Male,Single,Bachelor's Degree,Diploma,
302,45,45 - 54,Female,Single,Bachelor's Degree,BSc. Computers,
303,54,45 - 54,Female,Married,Bachelor's Degree,MBA,
304,36,35 - 44,Male,Single,Associates Degree,BE,
305,33,25 - 34,Female,Married,Master's Degree,Software BE,
306,37,35 - 44,Male,Divorced,Bachelor's Degree,Btech,
307,38,35 - 44,Male,Divorced,Bachelor's Degree,BBA,
308,31,25 - 34,Male,Married,Master's Degree,Software BE,
309,59,Over 55,Male,Married,Bachelor's Degree,BE,
311,37,35 - 44,Male,Divorced,Master's Degree,MBA,
312,29,25 - 34,Female,Married,High School,BSc. Computers,
314,35,35 - 44,Female,Single,Bachelor's Degree,MBA,
315,29,25 - 34,Male,Single,High School,Software BE,
316,52,45 - 54,Female,Single,Bachelor's Degree,BE,
319,42,35 - 44,Male,Married,Associates Degree,Diploma,
321,59,Over 55,Male,Married,Associates Degree,Software BE,
323,50,45 - 54,Female,Divorced,Master's Degree,BSc. Computers,
325,33,25 - 34,Male,Married,Bachelor's Degree,Software BE,
327,43,35 - 44,Female,Married,Bachelor's Degree,MBA,
328,33,25 - 34,Female,Married,Associates Degree,BE,
329,52,45 - 54,Male,Single,Master's Degree,BBA,
330,32,25 - 34,Female,Married,Associates Degree,BBA,
331,32,25 - 34,Male,Single,Bachelor's Degree,BE,
332,39,35 - 44,Female,Divorced,Master's Degree,Software BE,
333,32,25 - 34,Male,Married,Master's Degree,MBA,
334,41,35 - 44,Male,Divorced,Associates Degree,BE,
335,40,35 - 44,Male,Divorced,Associates Degree,Diploma,
336,45,45 - 54,Male,Married,Bachelor's Degree,Btech,
337,31,25 - 34,Male,Divorced,Master's Degree,Software BE,
338,33,25 - 34,Female,Married,Master's Degree,BE,
339,34,25 - 34,Male,Married,Master's Degree,BE,
340,37,35 - 44,Female,Married,Associates Degree,Software BE,
341,45,45 - 54,Male,Married,Master's Degree,BE,
342,37,35 - 44,Male,Divorced,Bachelor's Degree,Software BE,
343,39,35 - 44,Female,Single,Master's Degree,Diploma,
346,29,25 - 34,Male,Single,Bachelor's Degree,BE,
347,42,35 - 44,Female,Single,Associates Degree,BE,
349,29,25 - 34,Male,Divorced,Associates Degree,MBA,
350,25,25 - 34,Female,Married,Bachelor's Degree,BE,
351,42,35 - 44,Female,Divorced,Bachelor's Degree,Software BE,
352,40,35 - 44,Male,Divorced,Associates Degree,Software BE,
353,51,45 - 54,Male,Married,Bachelor's Degree,BE,
355,31,25 - 34,Male,Single,Associates Degree,Software BE,
359,32,25 - 34,Male,Married,Bachelor's Degree,BE,
361,38,35 - 44,Male,Married,Associates Degree,BBA,
362,32,25 - 34,Male,Single,High School,Diploma,
363,46,45 - 54,Female,Married,Bachelor's Degree,BA,
364,28,25 - 34,Male,Single,Master's Degree,BE,
366,29,25 - 34,Male,Married,Bachelor's Degree,BSc. Computers,
367,31,25 - 34,Male,Married,Bachelor's Degree,Software BE,
369,25,25 - 34,Male,Divorced,Associates Degree,BE,
372,45,45 - 54,Male,Married,Associates Degree,Software BE,
373,36,35 - 44,Male,Married,Bachelor's Degree,BE,
374,55,Over 55,Male,Single,Bachelor's Degree,Software BE,
376,47,45 - 54,Male,Married,Master's Degree,BE,
377,28,25 - 34,Male,Married,Bachelor's Degree,Software BE,
378,37,35 - 44,Male,Married,Master's Degree,BSc. Computers,
379,21,Under 25,Male,Single,Associates Degree,Software BE,
380,37,35 - 44,Female,Divorced,Master's Degree,Software BE,
381,35,35 - 44,Female,Divorced,Bachelor's Degree,BE,
382,38,35 - 44,Female,Divorced,Associates Degree,BSc. Computers,
384,26,25 - 34,Female,Divorced,Bachelor's Degree,BE,
385,50,45 - 54,Male,Divorced,High School,BE,
386,53,45 - 54,Male,Married,Master's Degree,Software BE,
387,42,35 - 44,Male,Married,High School,BBA,
388,29,25 - 34,Male,Single,Associates Degree,BBA,
389,55,Over 55,Male,Married,Associates Degree,Diploma,
390,26,25 - 34,Male,Married,Associates Degree,Software BE,
391,37,35 - 44,Female,Single,Bachelor's Degree,BE,
392,44,35 - 44,Male,Divorced,Bachelor's Degree,BE,
393,38,35 - 44,Male,Divorced,Master's Degree,BE,
394,26,25 - 34,Male,Divorced,Master's Degree,Software BE,
395,28,25 - 34,Female,Single,Associates Degree,BE,
396,49,45 - 54,Female,Single,Master's Degree,BE,
397,36,35 - 44,Male,Single,Bachelor's Degree,Diploma,
399,31,25 - 34,Female,Divorced,Bachelor's Degree,MBA,
401,26,25 - 34,Male,Single,Master's Degree,MBA,
403,37,35 - 44,Male,Married,Bachelor's Degree,Software BE,
404,42,35 - 44,Female,Married,Bachelor's Degree,MBA,
405,18,Under 25,Male,Single,Bachelor's Degree,BE,
406,35,35 - 44,Male,Married,Bachelor's Degree,MBA,
407,36,35 - 44,Male,Married,Master's Degree,BE,
408,51,45 - 54,Male,Divorced,Bachelor's Degree,Software BE,
410,41,35 - 44,Male,Single,Master's Degree,BBA,
411,18,Under 25,Female,Single,Bachelor's Degree,BSc. Computers,
412,28,25 - 34,Male,Single,Associates Degree,Software BE,
416,31,25 - 34,Male,Married,Bachelor's Degree,BA,
417,39,35 - 44,Male,Divorced,Bachelor's Degree,Software BE,
419,36,35 - 44,Female,Married,Master's Degree,BE,
420,32,25 - 34,Male,Married,Bachelor's Degree,BBA,
421,38,35 - 44,Female,Married,Associates Degree,BE,
422,58,Over 55,Male,Divorced,Master's Degree,BE,
423,31,25 - 34,Male,Married,Master's Degree,Diploma,
424,31,25 - 34,Male,Married,Bachelor's Degree,Human Resources,
425,45,45 - 54,Male,Divorced,Bachelor's Degree,BE,
426,31,25 - 34,Male,Divorced,Master's Degree,BE,
428,33,25 - 34,Female,Married,Master's Degree,BE,
429,39,35 - 44,Male,Married,High School,Software BE,
430,43,35 - 44,Female,Single,Master's Degree,BE,
431,49,45 - 54,Female,Single,Associates Degree,Diploma,
433,52,45 - 54,Male,Married,Master's Degree,Software BE,
434,27,25 - 34,Female,Single,Bachelor's Degree,BE,
436,32,25 - 34,Female,Married,Associates Degree,BA,
437,27,25 - 34,Male,Single,Bachelor's Degree,BBA,
438,31,25 - 34,Male,Divorced,Bachelor's Degree,MBA,
439,32,25 - 34,Female,Single,Master's Degree,Software BE,
440,28,25 - 34,Male,Married,Master's Degree,Software BE,
441,30,25 - 34,Female,Married,Associates Degree,Software BE,
442,31,25 - 34,Female,Married,Associates Degree,BE,
444,39,35 - 44,Male,Married,Associates Degree,Software BE,
445,39,35 - 44,Female,Married,Associates Degree,BSc. Computers,
446,33,25 - 34,Male,Single,Bachelor's Degree,MBA,
447,47,45 - 54,Male,Married,Doctoral Degree,BE,
448,43,35 - 44,Female,Divorced,Master's Degree,BE,
449,27,25 - 34,Male,Married,High School,MBA,
450,54,45 - 54,Female,Single,Master's Degree,BE,
451,43,35 - 44,Female,Married,Bachelor's Degree,BE,
452,45,45 - 54,Male,Married,Master's Degree,Btech,
453,40,35 - 44,Male,Married,Associates Degree,BSc. Computers,
454,29,25 - 34,Male,Married,Master's Degree,Btech,
455,29,25 - 34,Male,Single,Doctoral Degree,Btech,
456,30,25 - 34,Female,Divorced,Bachelor's Degree,MBA,
458,27,25 - 34,Female,Married,Master's Degree,MBA,
460,37,35 - 44,Male,Divorced,Associates Degree,Software BE,
461,38,35 - 44,Male,Divorced,Associates Degree,BE,
462,31,25 - 34,Female,Single,Master's Degree,Software BE,
463,29,25 - 34,Female,Divorced,High School,MBA,
464,35,35 - 44,Male,Single,Master's Degree,Diploma,
465,23,Under 25,Male,Divorced,High School,BE,
466,41,35 - 44,Male,Single,Bachelor's Degree,Software BE,
467,47,45 - 54,Male,Single,High School,BSc. Computers,
468,42,35 - 44,Female,Single,Doctoral Degree,BE,
469,29,25 - 34,Male,Married,Bachelor's Degree,BBA,
470,42,35 - 44,Male,Divorced,High School,Diploma,
471,32,25 - 34,Female,Married,Bachelor's Degree,Software BE,
473,48,45 - 54,Female,Married,High School,BSc. Computers,
474,37,35 - 44,Male,Divorced,Bachelor's Degree,Software BE,
475,30,25 - 34,Female,Married,Associates Degree,BA,
476,26,25 - 34,Male,Married,Bachelor's Degree,BBA,
477,42,35 - 44,Male,Single,Master's Degree,Btech,
478,21,Under 25,Female,Single,High School,BA,
479,36,35 - 44,Female,Single,Doctoral Degree,BSc. Computers,
481,36,35 - 44,Male,Married,Master's Degree,BSc. Computers,
482,57,Over 55,Male,Married,Master's Degree,Software BE,
483,40,35 - 44,Female,Married,Master's Degree,BE,
484,21,Under 25,Male,Single,Associates Degree,BSc. Computers,
485,33,25 - 34,Female,Single,Bachelor's Degree,MBA,
486,37,35 - 44,Female,Married,Bachelor's Degree,Software BE,
487,46,45 - 54,Female,Married,Master's Degree,Software BE,
488,41,35 - 44,Male,Single,Bachelor's Degree,MBA,
491,50,45 - 54,Male,Single,Bachelor's Degree,Diploma,
492,40,35 - 44,Male,Married,Associates Degree,MBA,
493,31,25 - 34,Male,Single,Master's Degree,BE,
494,21,Under 25,Female,Single,Bachelor's Degree,BBA,
495,29,25 - 34,Male,Single,Bachelor's Degree,BE,
496,35,35 - 44,Male,Single,Master's Degree,BE,
497,27,25 - 34,Male,Divorced,Associates Degree,Software BE,
498,28,25 - 34,Male,Single,Master's Degree,BBA,
499,49,45 - 54,Male,Single,Bachelor's Degree,Btech,
500,51,45 - 54,Female,Married,Associates Degree,BBA,
501,36,35 - 44,Female,Married,Bachelor's Degree,BE,
502,34,25 - 34,Male,Single,Bachelor's Degree,MBA,
505,55,Over 55,Female,Single,Bachelor's Degree,BE,
507,24,Under 25,Female,Divorced,Master's Degree,MBA,
508,30,25 - 34,Male,Married,High School,BA,
510,26,25 - 34,Male,Single,High School,Diploma,
511,22,Under 25,Female,Married,Bachelor's Degree,Software BE,
513,36,35 - 44,Male,Married,Associates Degree,BSc. Computers,
514,30,25 - 34,Male,Single,Bachelor's Degree,Diploma,
515,37,35 - 44,Female,Divorced,Bachelor's Degree,BE,
516,40,35 - 44,Female,Divorced,Associates Degree,MBA,
517,42,35 - 44,Female,Divorced,Master's Degree,BE,
518,37,35 - 44,Male,Single,Master's Degree,BE,
520,43,35 - 44,Male,Divorced,Bachelor's Degree,BE,
521,40,35 - 44,Female,Married,Bachelor's Degree,Software BE,
522,54,45 - 54,Male,Married,Associates Degree,Software BE,
523,34,25 - 34,Female,Married,Master's Degree,MBA,
524,31,25 - 34,Female,Married,Associates Degree,Software BE,
525,43,35 - 44,Male,Married,Bachelor's Degree,Software BE,
526,43,35 - 44,Female,Divorced,Master's Degree,Btech,
527,25,25 - 34,Female,Single,Associates Degree,BBA,
529,37,35 - 44,Female,Married,Doctoral Degree,Software BE,
530,31,25 - 34,Male,Married,Associates Degree,BE,
531,39,35 - 44,Male,Divorced,High School,BE,
532,56,Over 55,Female,Married,Bachelor's Degree,BBA,
533,30,25 - 34,Female,Single,Bachelor's Degree,BA,
534,41,35 - 44,Male,Married,Bachelor's Degree,MBA,
536,28,25 - 34,Male,Divorced,Associates Degree,Software BE,
538,25,25 - 34,Male,Married,Bachelor's Degree,Software BE,
543,52,45 - 54,Male,Married,Bachelor's Degree,Software BE,
544,45,45 - 54,Male,Married,Associates Degree,BE,
546,52,45 - 54,Female,Married,Associates Degree,BE,
547,42,35 - 44,Female,Divorced,Associates Degree,BE,
548,30,25 - 34,Female,Single,Bachelor's Degree,BE,
549,60,Over 55,Female,Married,Bachelor's Degree,BE,
550,46,45 - 54,Female,Divorced,Bachelor's Degree,Software BE,
551,42,35 - 44,Female,Married,Master's Degree,Diploma,
554,24,Under 25,Female,Single,High School,BA,
555,34,25 - 34,Female,Divorced,Associates Degree,MBA,
556,38,35 - 44,Male,Married,Associates Degree,BE,
558,40,35 - 44,Female,Married,Master's Degree,BBA,
560,26,25 - 34,Female,Divorced,Bachelor's Degree,BE,
562,30,25 - 34,Male,Married,Bachelor's Degree,BE,
564,29,25 - 34,Male,Married,Master's Degree,Software BE,
565,29,25 - 34,Female,Married,Doctoral Degree,Diploma,
566,19,Under 25,Male,Single,Associates Degree,Diploma,
567,30,25 - 34,Female,Married,Master's Degree,B.Com,
568,57,Over 55,Male,Divorced,Bachelor's Degree,MBA,
569,50,45 - 54,Male,Married,Master's Degree,BE,
571,30,25 - 34,Female,Single,Bachelor's Degree,Software BE,
573,60,Over 55,Female,Married,Bachelor's Degree,MBA,
574,47,45 - 54,Female,Divorced,Associates Degree,Software BE,
575,46,45 - 54,Male,Married,Bachelor's Degree,BE,
577,35,35 - 44,Male,Single,Bachelor's Degree,BE,
578,54,45 - 54,Female,Single,Master's Degree,BE,
579,34,25 - 34,Male,Divorced,Master's Degree,BE,
580,46,45 - 54,Female,Married,Bachelor's Degree,MBA,
581,31,25 - 34,Male,Divorced,High School,BE,
582,33,25 - 34,Male,Married,High School,Software BE,
584,33,25 - 34,Male,Divorced,High School,Software BE,
585,30,25 - 34,Male,Single,High School,MBA,
586,35,35 - 44,Male,Married,Bachelor's Degree,BE,
587,31,25 - 34,Male,Married,Bachelor's Degree,BE,
590,34,25 - 34,Female,Divorced,Bachelor's Degree,Human Resources,
591,42,35 - 44,Male,Married,Associates Degree,Btech,
592,36,35 - 44,Male,Single,Master's Degree,BSc. Computers,
593,22,Under 25,Male,Single,High School,Diploma,
595,48,45 - 54,Female,Married,Doctoral Degree,MBA,
597,55,Over 55,Female,Single,Doctoral Degree,BBA,
599,41,35 - 44,Male,Single,Associates Degree,BA,
600,35,35 - 44,Male,Married,Bachelor's Degree,MBA,
601,40,35 - 44,Female,Single,Bachelor's Degree,BE,
602,39,35 - 44,Female,Married,High School,BE,
604,31,25 - 34,Male,Single,High School,BA,
605,42,35 - 44,Male,Married,Bachelor's Degree,Software BE,
606,45,45 - 54,Male,Married,Bachelor's Degree,B.Com,
608,26,25 - 34,Female,Divorced,Master's Degree,Human Resources,
611,29,25 - 34,Male,Divorced,Bachelor's Degree,Diploma,
612,33,25 - 34,Female,Divorced,Doctoral Degree,Software BE,
613,31,25 - 34,Male,Divorced,Bachelor's Degree,BA,
614,18,Under 25,Male,Single,Bachelor's Degree,MBA,
615,40,35 - 44,Male,Divorced,Bachelor's Degree,B.Com,
616,41,35 - 44,Female,Single,Master's Degree,Btech,
618,26,25 - 34,Male,Divorced,Associates Degree,BSc. Computers,
620,35,35 - 44,Female,Single,Bachelor's Degree,BSc. Computers,
621,34,25 - 34,Male,Single,Master's Degree,BA,
622,26,25 - 34,Male,Single,Bachelor's Degree,Diploma,
623,37,35 - 44,Female,Single,Bachelor's Degree,Diploma,
624,46,45 - 54,Female,Married,High School,Software BE,
625,41,35 - 44,Female,Married,Doctoral Degree,BA,
626,37,35 - 44,Male,Divorced,Master's Degree,BSc. Computers,
630,52,45 - 54,Male,Divorced,Associates Degree,Diploma,
631,32,25 - 34,Male,Married,Master's Degree,B.Com,
632,24,Under 25,Male,Married,Bachelor's Degree,BSc. Computers,
634,38,35 - 44,Female,Married,Bachelor's Degree,Software BE,
635,37,35 - 44,Female,Married,Master's Degree,BE,
638,49,45 - 54,Male,Divorced,Master's Degree,BE,
639,24,Under 25,Male,Married,Bachelor's Degree,Software BE,
641,26,25 - 34,Male,Married,Associates Degree,MBA,
643,24,Under 25,Male,Married,Associates Degree,Btech,
644,50,45 - 54,Male,Married,Bachelor's Degree,Software BE,
645,25,25 - 34,Male,Married,High School,BSc. Computers,
647,24,Under 25,Female,Married,Bachelor's Degree,BE,
648,30,25 - 34,Male,Married,Master's Degree,BA,
649,34,25 - 34,Male,Married,Associates Degree,BE,
650,31,25 - 34,Male,Divorced,Master's Degree,BSc. Computers,
652,35,35 - 44,Male,Single,Associates Degree,Btech,
653,31,25 - 34,Male,Divorced,Master's Degree,BSc. Computers,
655,27,25 - 34,Female,Divorced,Master's Degree,Software BE,
656,37,35 - 44,Male,Married,Bachelor's Degree,MBA,
657,20,Under 25,Female,Single,Bachelor's Degree,BE,
659,42,35 - 44,Female,Married,Master's Degree,BE,
661,43,35 - 44,Male,Divorced,Master's Degree,Btech,
662,38,35 - 44,Female,Single,High School,BE,
663,43,35 - 44,Male,Divorced,Doctoral Degree,Software BE,
664,48,45 - 54,Female,Married,Master's Degree,BE,
665,44,35 - 44,Female,Single,Master's Degree,Human Resources,
666,34,25 - 34,Female,Divorced,Bachelor's Degree,BA,
667,27,25 - 34,Male,Divorced,High School,MBA,
669,21,Under 25,Male,Single,High School,BA,
671,44,35 - 44,Male,Married,Master's Degree,Btech,
675,22,Under 25,Male,Married,High School,Software BE,
677,33,25 - 34,Male,Divorced,Master's Degree,MBA,
679,32,25 - 34,Female,Married,Master's Degree,BE,
680,30,25 - 34,Female,Divorced,Bachelor's Degree,Software BE,
682,53,45 - 54,Female,Single,High School,BSc. Computers,
683,34,25 - 34,Male,Married,Doctoral Degree,BE,
684,45,45 - 54,Female,Married,Master's Degree,BA,
686,26,25 - 34,Female,Married,Bachelor's Degree,BE,
689,37,35 - 44,Male,Married,Bachelor's Degree,Btech,
690,29,25 - 34,Female,Married,Associates Degree,BSc. Computers,
691,35,35 - 44,Male,Single,Master's Degree,BE,
692,33,25 - 34,Male,Divorced,Bachelor's Degree,BE,
698,54,45 - 54,Male,Married,Master's Degree,Software BE,
699,36,35 - 44,Male,Divorced,Associates Degree,Software BE,
700,27,25 - 34,Male,Single,Master's Degree,Software BE,
701,20,Under 25,Male,Single,High School,Software BE,
702,33,25 - 34,Male,Single,Bachelor's Degree,BE,
704,35,35 - 44,Male,Married,Bachelor's Degree,BE,
705,23,Under 25,Male,Married,Bachelor's Degree,Software BE,
707,25,25 - 34,Male,Married,Bachelor's Degree,BA,
709,38,35 - 44,Female,Single,Master's Degree,MBA,
710,29,25 - 34,Male,Divorced,Master's Degree,BE,
712,48,45 - 54,Male,Married,High School,MBA,
714,27,25 - 34,Female,Divorced,High School,BSc. Computers,
715,37,35 - 44,Male,Single,Associates Degree,BE,
716,50,45 - 54,Male,Married,High School,Software BE,
717,34,25 - 34,Female,Single,Bachelor's Degree,Software BE,
720,24,Under 25,Female,Single,Associates Degree,BA,
721,39,35 - 44,Female,Single,Master's Degree,Diploma,
722,32,25 - 34,Male,Single,Bachelor's Degree,MBA,
723,50,45 - 54,Male,Married,Associates Degree,BA,
724,38,35 - 44,Female,Single,Master's Degree,BE,
725,27,25 - 34,Female,Married,Associates Degree,BE,
727,32,25 - 34,Female,Single,Associates Degree,BE,
728,47,45 - 54,Male,Single,Master's Degree,MBA,
729,40,35 - 44,Male,Married,Master's Degree,BA,
730,53,45 - 54,Male,Married,Bachelor's Degree,BE,
731,41,35 - 44,Male,Divorced,Master's Degree,Human Resources,
732,60,Over 55,Male,Single,Master's Degree,MBA,
733,27,25 - 34,Male,Divorced,Associates Degree,BE,
734,41,35 - 44,Male,Married,Bachelor's Degree,Human Resources,
738,50,45 - 54,Male,Married,Master's Degree,MBA,
741,28,25 - 34,Female,Single,Associates Degree,BE,
742,36,35 - 44,Female,Married,Bachelor's Degree,BE,
743,38,35 - 44,Female,Single,Bachelor's Degree,BE,
744,44,35 - 44,Male,Single,Bachelor's Degree,Software BE,
746,47,45 - 54,Female,Divorced,Bachelor's Degree,BSc. Computers,
747,30,25 - 34,Male,Divorced,Doctoral Degree,MBA,
749,29,25 - 34,Male,Single,Bachelor's Degree,BA,
752,42,35 - 44,Male,Divorced,Bachelor's Degree,Software BE,
754,43,35 - 44,Male,Married,Bachelor's Degree,BA,
757,34,25 - 34,Female,Single,Associates Degree,Software BE,
758,23,Under 25,Male,Married,High School,Software BE,
760,39,35 - 44,Female,Married,Bachelor's Degree,Human Resources,
762,56,Over 55,Male,Married,Bachelor's Degree,Software BE,
763,40,35 - 44,Female,Single,High School,Software BE,
764,27,25 - 34,Female,Single,Bachelor's Degree,Software BE,
766,29,25 - 34,Male,Divorced,Bachelor's Degree,MBA,
769,53,45 - 54,Male,Single,Bachelor's Degree,BE,
771,35,35 - 44,Female,Divorced,Master's Degree,BE,
772,32,25 - 34,Male,Married,Master's Degree,BE,
773,38,35 - 44,Male,Married,Doctoral Degree,Software BE,
775,34,25 - 34,Female,Divorced,Doctoral Degree,BE,
776,52,45 - 54,Male,Married,Master's Degree,MBA,
780,33,25 - 34,Male,Single,Master's Degree,Btech,
781,25,25 - 34,Female,Single,High School,BSc. Computers,
783,45,45 - 54,Male,Single,Associates Degree,BA,
784,23,Under 25,Male,Single,High School,Software BE,
785,47,45 - 54,Female,Single,Associates Degree,BA,
786,34,25 - 34,Male,Single,Bachelor's Degree,B.Com,
787,55,Over 55,Male,Married,Bachelor's Degree,Software BE,
789,36,35 - 44,Male,Single,Master's Degree,BA,
791,52,45 - 54,Male,Married,Master's Degree,Software BE,
792,26,25 - 34,Female,Divorced,Associates Degree,BE,
793,29,25 - 34,Female,Married,Bachelor's Degree,Software BE,
796,26,25 - 34,Male,Single,Bachelor's Degree,BA,
797,34,25 - 34,Female,Single,Master's Degree,BE,
799,54,45 - 54,Female,Divorced,Master's Degree,Software BE,
800,27,25 - 34,Male,Married,High School,MBA,
802,37,35 - 44,Female,Divorced,High School,BE,
803,38,35 - 44,Female,Single,Master's Degree,BE,
804,34,25 - 34,Female,Single,Master's Degree,Software BE,
805,35,35 - 44,Female,Married,Master's Degree,BA,
806,30,25 - 34,Male,Married,Bachelor's Degree,BE,
807,40,35 - 44,Female,Married,Associates Degree,Software BE,
808,34,25 - 34,Female,Married,Associates Degree,BA,
809,42,35 - 44,Male,Divorced,Bachelor's Degree,BE,
811,23,Under 25,Male,Married,Bachelor's Degree,BE,
812,24,Under 25,Male,Divorced,Bachelor's Degree,BE,
813,52,45 - 54,Female,Married,Master's Degree,BE,
815,50,45 - 54,Male,Married,Bachelor's Degree,Software BE,
816,29,25 - 34,Female,Married,Associates Degree,BE,
817,33,25 - 34,Male,Married,Bachelor's Degree,Software BE,
819,33,25 - 34,Female,Single,Bachelor's Degree,MBA,
820,47,45 - 54,Female,Married,Associates Degree,Btech,
823,36,35 - 44,Female,Married,Bachelor's Degree,Btech,
824,29,25 - 34,Male,Married,Associates Degree,BE,
825,58,Over 55,Male,Single,Master's Degree,BE,
826,35,35 - 44,Female,Single,Master's Degree,BE,
827,42,35 - 44,Female,Married,Associates Degree,BE,
828,28,25 - 34,Male,Single,Master's Degree,Software BE,
829,36,35 - 44,Male,Married,Bachelor's Degree,Human Resources,
830,32,25 - 34,Female,Married,Bachelor's Degree,BE,
832,40,35 - 44,Male,Single,Master's Degree,Software BE,
833,30,25 - 34,Female,Single,Bachelor's Degree,Software BE,
834,45,45 - 54,Female,Single,Bachelor's Degree,BE,
836,42,35 - 44,Male,Married,Bachelor's Degree,BE,
837,38,35 - 44,Male,Divorced,Bachelor's Degree,BE,
838,34,25 - 34,Female,Single,Master's Degree,BE,
840,49,45 - 54,Female,Married,Bachelor's Degree,MBA,
842,55,Over 55,Male,Single,High School,BSc. Computers,
843,43,35 - 44,Male,Married,Associates Degree,BE,
844,27,25 - 34,Male,Divorced,High School,Diploma,
845,35,35 - 44,Male,Single,Bachelor's Degree,Btech,
846,28,25 - 34,Female,Married,Master's Degree,MBA,
847,34,25 - 34,Male,Married,Associates Degree,Human Resources,
848,26,25 - 34,Female,Married,Associates Degree,Software BE,
850,27,25 - 34,Male,Married,Bachelor's Degree,Software BE,
851,51,45 - 54,Female,Married,Master's Degree,MBA,
852,44,35 - 44,Male,Single,Bachelor's Degree,Software BE,
854,25,25 - 34,Male,Single,High School,Software BE,
855,33,25 - 34,Male,Divorced,Bachelor's Degree,BSc. Computers,
856,35,35 - 44,Female,Single,High School,Software BE,
857,36,35 - 44,Male,Married,Associates Degree,BA,
859,32,25 - 34,Male,Divorced,Master's Degree,BA,
861,30,25 - 34,Male,Divorced,Master's Degree,BE,
862,53,45 - 54,Female,Married,Associates Degree,MBA,
864,45,45 - 54,Male,Divorced,Bachelor's Degree,MBA,
865,32,25 - 34,Female,Married,Associates Degree,Software BE,
867,52,45 - 54,Female,Married,Master's Degree,Software BE,
868,37,35 - 44,Male,Divorced,Master's Degree,MBA,
869,28,25 - 34,Male,Divorced,Associates Degree,Software BE,
872,22,Under 25,Male,Married,Associates Degree,BE,
874,44,35 - 44,Male,Married,Master's Degree,BE,
875,42,35 - 44,Male,Single,High School,Software BE,
878,36,35 - 44,Male,Married,Bachelor's Degree,Human Resources,
879,25,25 - 34,Male,Married,High School,B.Com,
880,35,35 - 44,Female,Married,Bachelor's Degree,BE,
881,35,35 - 44,Female,Divorced,Master's Degree,BE,
882,32,25 - 34,Male,Divorced,Bachelor's Degree,BE,
885,25,25 - 34,Male,Married,High School,MBA,
887,49,45 - 54,Female,Married,Bachelor's Degree,Diploma,
888,24,Under 25,Male,Married,High School,BE,
889,32,25 - 34,Male,Married,Associates Degree,BA,
893,38,35 - 44,Male,Married,Bachelor's Degree,MBA,
894,42,35 - 44,Female,Married,Bachelor's Degree,BE,
895,31,25 - 34,Male,Married,Master's Degree,BE,
896,29,25 - 34,Female,Divorced,Bachelor's Degree,BSc. Computers,
897,53,45 - 54,Male,Married,Bachelor's Degree,MBA,
899,35,35 - 44,Male,Married,Bachelor's Degree,Diploma,
900,37,35 - 44,Female,Married,Associates Degree,BSc. Computers,
901,53,45 - 54,Female,Single,Master's Degree,BE,
902,43,35 - 44,Female,Married,Bachelor's Degree,BE,
903,47,45 - 54,Female,Married,Associates Degree,MBA,
904,37,35 - 44,Male,Single,Associates Degree,BSc. Computers,
905,50,45 - 54,Male,Divorced,Master's Degree,BE,
909,39,35 - 44,Female,Married,Bachelor's Degree,Human Resources,
910,33,25 - 34,Male,Divorced,Associates Degree,Human Resources,
911,32,25 - 34,Male,Single,Master's Degree,BE,
912,29,25 - 34,Female,Divorced,High School,Software BE,
913,44,35 - 44,Male,Married,Associates Degree,BE,
916,28,25 - 34,Male,Single,Master's Degree,BSc. Computers,
918,58,Over 55,Male,Divorced,High School,BE,
920,43,35 - 44,Female,Divorced,Bachelor's Degree,BE,
922,20,Under 25,Female,Single,Bachelor's Degree,BSc. Computers,
923,21,Under 25,Female,Single,High School,Btech,
924,36,35 - 44,Male,Married,High School,BE,
925,47,45 - 54,Female,Single,Master's Degree,BA,
926,22,Under 25,Female,Married,High School,BE,
927,41,35 - 44,Female,Divorced,Master's Degree,BE,
930,28,25 - 34,Female,Divorced,Bachelor's Degree,Software BE,
932,39,35 - 44,Male,Married,Bachelor's Degree,Software BE,
933,27,25 - 34,Female,Single,Bachelor's Degree,BE,
934,34,25 - 34,Male,Divorced,Bachelor's Degree,BE,
936,42,35 - 44,Female,Single,Associates Degree,BSc. Computers,
939,33,25 - 34,Male,Single,Master's Degree,Btech,
940,58,Over 55,Female,Divorced,Bachelor's Degree,Diploma,
941,31,25 - 34,Male,Married,Master's Degree,BA,
942,35,35 - 44,Female,Married,High School,BE,
944,49,45 - 54,Female,Married,Associates Degree,Btech,
945,48,45 - 54,Male,Married,Master's Degree,Software BE,
947,31,25 - 34,Female,Married,Associates Degree,MBA,
949,36,35 - 44,Male,Single,Master's Degree,Btech,
950,38,35 - 44,Female,Married,Bachelor's Degree,Diploma,
951,32,25 - 34,Female,Married,Bachelor's Degree,BE,
952,25,25 - 34,Male,Married,Associates Degree,MBA,
954,40,35 - 44,Male,Divorced,Master's Degree,MBA,
956,26,25 - 34,Male,Single,Bachelor's Degree,BSc. Computers,
957,41,35 - 44,Male,Single,Bachelor's Degree,Software BE,
958,36,35 - 44,Male,Single,Master's Degree,Software BE,
959,19,Under 25,Male,Single,Bachelor's Degree,B.Com,
960,20,Under 25,Male,Single,Bachelor's Degree,Diploma,
961,31,25 - 34,Female,Married,Bachelor's Degree,Software BE,
964,40,35 - 44,Male,Divorced,Master's Degree,Software BE,
966,32,25 - 34,Female,Married,Master's Degree,Software BE,
967,36,35 - 44,Male,Married,High School,BA,
969,33,25 - 34,Female,Single,Bachelor's Degree,BE,
970,37,35 - 44,Male,Married,Master's Degree,BA,
972,45,45 - 54,Male,Married,Associates Degree,BE,
974,29,25 - 34,Female,Married,Bachelor's Degree,BA,
975,35,35 - 44,Female,Married,Bachelor's Degree,BSc. Computers,
976,52,45 - 54,Male,Married,Associates Degree,BE,
977,58,Over 55,Male,Single,Bachelor's Degree,Diploma,
981,53,45 - 54,Male,Divorced,Associates Degree,BSc. Computers,
982,30,25 - 34,Male,Divorced,Associates Degree,B.Com,
983,38,35 - 44,Female,Single,Bachelor's Degree,BA,
984,35,35 - 44,Male,Divorced,Master's Degree,BA,
985,39,35 - 44,Male,Single,Doctoral Degree,BA,
986,40,35 - 44,Female,Single,Bachelor's Degree,BA,
987,47,45 - 54,Male,Divorced,Master's Degree,Software BE,
990,36,35 - 44,Male,Divorced,Master's Degree,BA,
991,31,25 - 34,Male,Single,Associates Degree,Software BE,
992,33,25 - 34,Male,Single,Bachelor's Degree,BA,
994,29,25 - 34,Female,Single,Bachelor's Degree,BE,
995,33,25 - 34,Female,Single,High School,BE,
996,45,45 - 54,Female,Divorced,Master's Degree,Software BE,
997,50,45 - 54,Male,Divorced,Associates Degree,Software BE,
998,33,25 - 34,Female,Married,Master's Degree,Btech,
999,41,35 - 44,Male,Divorced,Bachelor's Degree,Software BE,
1001,27,25 - 34,Female,Married,Master's Degree,Diploma,
1002,45,45 - 54,Male,Married,Associates Degree,BE,
1003,47,45 - 54,Female,Single,Associates Degree,BA,
1004,30,25 - 34,Female,Married,Bachelor's Degree,BE,
1005,50,45 - 54,Male,Married,Bachelor's Degree,BE,
1006,38,35 - 44,Male,Married,High School,Software BE,
1007,46,45 - 54,Male,Divorced,Associates Degree,Software BE,
1009,24,Under 25,Female,Divorced,High School,Software BE,
1010,35,35 - 44,Male,Divorced,Master's Degree,Btech,
1011,31,25 - 34,Female,Married,High School,BE,
1012,18,Under 25,Male,Single,Associates Degree,BE,
1013,54,45 - 54,Female,Married,Bachelor's Degree,Diploma,
1014,35,35 - 44,Female,Divorced,Master's Degree,Software BE,
1015,30,25 - 34,Female,Married,Associates Degree,BE,
1016,20,Under 25,Female,Single,Bachelor's Degree,Software BE,
1017,30,25 - 34,Female,Single,Bachelor's Degree,Software BE,
1018,26,25 - 34,Male,Married,Associates Degree,Software BE,
1019,22,Under 25,Male,Married,High School,BE,
1022,48,45 - 54,Male,Single,Bachelor's Degree,BE,
1024,48,45 - 54,Male,Single,Master's Degree,BE,
1025,41,35 - 44,Female,Single,Associates Degree,Software BE,
1026,39,35 - 44,Female,Married,High School,BE,
1027,27,25 - 34,Female,Married,Master's Degree,BE,
1028,35,35 - 44,Male,Divorced,Bachelor's Degree,Btech,
1029,42,35 - 44,Male,Married,Associates Degree,MBA,
1030,50,45 - 54,Male,Married,Bachelor's Degree,BE,
1032,59,Over 55,Female,Single,Bachelor's Degree,BE,
1033,37,35 - 44,Female,Married,Associates Degree,Software BE,
1034,55,Over 55,Male,Married,Master's Degree,Software BE,
1035,41,35 - 44,Female,Divorced,High School,BE,
1036,38,35 - 44,Male,Single,Master's Degree,BA,
1037,26,25 - 34,Male,Single,Associates Degree,BSc. Computers,
1038,52,45 - 54,Female,Married,High School,MBA,
1039,44,35 - 44,Female,Married,Bachelor's Degree,BSc. Computers,
1040,50,45 - 54,Female,Married,Bachelor's Degree,BA,
1042,36,35 - 44,Female,Single,Master's Degree,BE,
1043,39,35 - 44,Female,Single,Bachelor's Degree,Software BE,
1044,33,25 - 34,Female,Single,High School,BA,
1045,45,45 - 54,Female,Married,Associates Degree,BA,
1046,32,25 - 34,Female,Single,Master's Degree,Software BE,
1047,34,25 - 34,Male,Divorced,Master's Degree,MBA,
1048,59,Over 55,Male,Married,Associates Degree,BA,
1049,45,45 - 54,Male,Single,Master's Degree,Software BE,
1050,53,45 - 54,Female,Married,Bachelor's Degree,MBA,
1052,36,35 - 44,Male,Divorced,Bachelor's Degree,Btech,
1053,26,25 - 34,Male,Married,Bachelor's Degree,BE,
1055,34,25 - 34,Female,Married,Master's Degree,BA,
1056,28,25 - 34,Male,Married,High School,BSc. Computers,
1060,38,35 - 44,Male,Married,Master's Degree,Btech,
1061,50,45 - 54,Male,Married,Master's Degree,Software BE,
1062,37,35 - 44,Female,Single,Bachelor's Degree,Btech,
1066,40,35 - 44,Male,Married,Bachelor's Degree,MBA,
1068,26,25 - 34,Female,Divorced,High School,Software BE,
1069,46,45 - 54,Male,Divorced,Master's Degree,Software BE,
1070,54,45 - 54,Female,Married,Master's Degree,BA,
1071,56,Over 55,Female,Married,Bachelor's Degree,Software BE,
1073,36,35 - 44,Female,Single,Doctoral Degree,Software BE,
1074,55,Over 55,Male,Single,High School,Software BE,
1076,43,35 - 44,Male,Divorced,Bachelor's Degree,BSc. Computers,
1077,20,Under 25,Female,Single,Bachelor's Degree,MBA,
1079,21,Under 25,Female,Single,Bachelor's Degree,BE,
1080,46,45 - 54,Female,Divorced,Master's Degree,BE,
1081,51,45 - 54,Male,Married,Master's Degree,BE,
1082,28,25 - 34,Male,Single,Associates Degree,Diploma,
1083,26,25 - 34,Male,Married,Associates Degree,Software BE,
1084,30,25 - 34,Male,Married,Bachelor's Degree,Btech,
1085,41,35 - 44,Female,Married,Associates Degree,Diploma,
1088,38,35 - 44,Female,Married,High School,BE,
1092,40,35 - 44,Male,Married,Master's Degree,Diploma,
1094,27,25 - 34,Male,Married,Doctoral Degree,BE,
1096,55,Over 55,Male,Married,High School,BE,
1097,28,25 - 34,Female,Single,Bachelor's Degree,Btech,
1098,44,35 - 44,Male,Married,Associates Degree,Software BE,
1099,33,25 - 34,Male,Divorced,Bachelor's Degree,BE,
1100,35,35 - 44,Male,Single,Bachelor's Degree,BA,
1101,33,25 - 34,Female,Single,Master's Degree,Software BE,
1102,28,25 - 34,Male,Divorced,Associates Degree,BE,
1103,34,25 - 34,Male,Single,High School,BE,
1105,37,35 - 44,Female,Divorced,Master's Degree,BA,
1106,25,25 - 34,Male,Married,High School,Diploma,
1107,26,25 - 34,Male,Divorced,Bachelor's Degree,Software BE,
1108,33,25 - 34,Male,Single,Bachelor's Degree,Software BE,
1109,42,35 - 44,Male,Married,Associates Degree,Software BE,
1111,28,25 - 34,Male,Divorced,Bachelor's Degree,Software BE,
1113,50,45 - 54,Male,Single,Master's Degree,B.Com,
1114,33,25 - 34,Female,Married,Bachelor's Degree,BA,
1115,34,25 - 34,Male,Married,Master's Degree,BE,
1116,48,45 - 54,Male,Single,Master's Degree,Software BE,
1117,45,45 - 54,Female,Married,Master's Degree,BA,
1118,52,45 - 54,Male,Single,Master's Degree,BE,
1119,38,35 - 44,Male,Divorced,Master's Degree,MBA,
1120,29,25 - 34,Female,Divorced,Master's Degree,BE,
1121,28,25 - 34,Female,Divorced,Bachelor's Degree,Software BE,
1124,46,45 - 54,Male,Married,High School,MBA,
1125,38,35 - 44,Male,Single,Associates Degree,MBA,
1126,43,35 - 44,Female,Married,Bachelor's Degree,BE,
1127,39,35 - 44,Male,Divorced,Bachelor's Degree,BE,
1128,40,35 - 44,Male,Single,Bachelor's Degree,Software BE,
1131,21,Under 25,Female,Single,High School,Diploma,
1132,39,35 - 44,Male,Single,Bachelor's Degree,BE,
1133,36,35 - 44,Male,Single,Master's Degree,BE,
1135,31,25 - 34,Male,Married,Bachelor's Degree,BA,
1136,28,25 - 34,Male,Married,High School,BE,
1137,35,35 - 44,Male,Divorced,Associates Degree,MBA,
1138,49,45 - 54,Male,Married,Master's Degree,BA,
1140,34,25 - 34,Male,Single,Associates Degree,BE,
1143,29,25 - 34,Female,Divorced,Bachelor's Degree,BE,
1148,42,35 - 44,Male,Single,Bachelor's Degree,Software BE,
1150,29,25 - 34,Male,Married,High School,Software BE,
1152,38,35 - 44,Male,Married,Bachelor's Degree,Human Resources,
1154,28,25 - 34,Male,Divorced,Bachelor's Degree,BE,
1156,18,Under 25,Male,Single,High School,Software BE,
1157,33,25 - 34,Female,Single,Master's Degree,MBA,
1158,41,35 - 44,Male,Married,Master's Degree,BE,
1160,31,25 - 34,Male,Married,Bachelor's Degree,Software BE,
1161,37,35 - 44,Female,Divorced,Associates Degree,Software BE,
1162,27,25 - 34,Male,Married,Bachelor's Degree,BE,
1163,34,25 - 34,Female,Married,High School,BA,
1164,35,35 - 44,Male,Single,Master's Degree,Diploma,
1165,29,25 - 34,Female,Married,High School,BA,
1166,40,35 - 44,Female,Single,Master's Degree,Software BE,
1167,42,35 - 44,Male,Single,Bachelor's Degree,BA,
1171,42,35 - 44,Male,Single,Master's Degree,MBA,
1172,35,35 - 44,Male,Married,Master's Degree,Software BE,
1173,24,Under 25,Male,Single,Bachelor's Degree,Software BE,
1175,28,25 - 34,Female,Married,High School,BE,
1177,26,25 - 34,Male,Married,Master's Degree,Software BE,
1179,30,25 - 34,Male,Married,Bachelor's Degree,MBA,
1180,40,35 - 44,Female,Married,Associates Degree,Software BE,
1182,35,35 - 44,Male,Divorced,Bachelor's Degree,BE,
1184,34,25 - 34,Male,Single,Bachelor's Degree,Software BE,
1185,35,35 - 44,Male,Married,Master's Degree,Btech,
1188,43,35 - 44,Female,Single,Bachelor's Degree,MBA,
1190,32,25 - 34,Female,Divorced,High School,BA,
1191,56,Over 55,Female,Divorced,Master's Degree,Diploma,
1192,29,25 - 34,Female,Married,High School,Software BE,
1193,19,Under 25,Male,Single,Associates Degree,BE,
1195,45,45 - 54,Female,Married,Bachelor's Degree,Software BE,
1196,37,35 - 44,Female,Married,Bachelor's Degree,BE,
1198,20,Under 25,Male,Single,Bachelor's Degree,BE,
1200,44,35 - 44,Male,Single,Master's Degree,BE,
1201,53,45 - 54,Female,Divorced,Associates Degree,Software BE,
1202,29,25 - 34,Female,Married,High School,BE,
1203,22,Under 25,Male,Married,Master's Degree,BE,
1204,46,45 - 54,Female,Married,Bachelor's Degree,MBA,
1206,44,35 - 44,Male,Single,Bachelor's Degree,BE,
1207,33,25 - 34,Male,Married,Bachelor's Degree,Human Resources,
1210,41,35 - 44,Male,Divorced,Associates Degree,BE,
1211,30,25 - 34,Male,Divorced,Master's Degree,BA,
1212,40,35 - 44,Male,Married,Master's Degree,BSc. Computers,
1215,50,45 - 54,Female,Married,Bachelor's Degree,Software BE,
1216,28,25 - 34,Male,Married,Master's Degree,Software BE,
1217,46,45 - 54,Male,Married,Associates Degree,BE,
1218,35,35 - 44,Male,Married,Master's Degree,BA,
1219,24,Under 25,Female,Married,Associates Degree,BE,
1220,33,25 - 34,Female,Married,Bachelor's Degree,BSc. Computers,
1221,36,35 - 44,Male,Divorced,Master's Degree,BE,
1224,30,25 - 34,Male,Divorced,Master's Degree,BE,
1225,44,35 - 44,Male,Single,Master's Degree,Btech,
1226,20,Under 25,Male,Single,Bachelor's Degree,MBA,
1228,46,45 - 54,Male,Divorced,Master's Degree,Diploma,
1231,42,35 - 44,Male,Married,Doctoral Degree,Software BE,
1233,60,Over 55,Male,Divorced,Master's Degree,MBA,
1234,32,25 - 34,Female,Married,Bachelor's Degree,Btech,
1235,32,25 - 34,Female,Single,Associates Degree,BE,
1237,36,35 - 44,Female,Divorced,Bachelor's Degree,Diploma,
1238,33,25 - 34,Male,Married,Bachelor's Degree,Software BE,
1239,40,35 - 44,Female,Divorced,Bachelor's Degree,BA,
1240,25,25 - 34,Male,Single,Master's Degree,BA,
1241,30,25 - 34,Male,Married,Bachelor's Degree,Software BE,
1242,42,35 - 44,Female,Married,Doctoral Degree,Software BE,
1243,35,35 - 44,Female,Married,Associates Degree,MBA,
1244,27,25 - 34,Male,Married,Bachelor's Degree,BE,
1245,54,45 - 54,Female,Divorced,Master's Degree,BE,
1246,44,35 - 44,Female,Married,High School,BE,
1248,19,Under 25,Female,Single,Bachelor's Degree,Software BE,
1249,29,25 - 34,Female,Divorced,Bachelor's Degree,BE,
1250,54,45 - 54,Male,Married,Bachelor's Degree,BE,
1251,31,25 - 34,Male,Married,Associates Degree,Software BE,
1252,31,25 - 34,Female,Single,Bachelor's Degree,Software BE,
1254,59,Over 55,Female,Single,Bachelor's Degree,BA,
1255,43,35 - 44,Male,Married,Bachelor's Degree,BE,
1256,49,45 - 54,Male,Married,Associates Degree,Software BE,
1257,36,35 - 44,Male,Married,Bachelor's Degree,Diploma,
1258,48,45 - 54,Male,Single,Associates Degree,Diploma,
1259,27,25 - 34,Male,Divorced,Associates Degree,BE,
1260,29,25 - 34,Male,Divorced,Bachelor's Degree,BE,
1263,48,45 - 54,Male,Single,Bachelor's Degree,BE,
1264,29,25 - 34,Female,Divorced,Bachelor's Degree,BE,
1265,34,25 - 34,Female,Married,Bachelor's Degree,Diploma,
1267,44,35 - 44,Male,Married,Bachelor's Degree,MBA,
1268,33,25 - 34,Male,Divorced,Doctoral Degree,MBA,
1269,19,Under 25,Female,Single,Bachelor's Degree,BE,
1270,23,Under 25,Male,Married,Associates Degree,BE,
1273,25,25 - 34,Male,Single,High School,BA,
1275,26,25 - 34,Male,Single,Associates Degree,BE,
1277,45,45 - 54,Female,Single,Bachelor's Degree,MBA,
1278,55,Over 55,Male,Divorced,High School,Software BE,
1279,21,Under 25,Female,Single,Associates Degree,BE,
1280,46,45 - 54,Female,Married,Associates Degree,MBA,
1281,34,25 - 34,Female,Single,Bachelor's Degree,MBA,
1282,51,45 - 54,Male,Divorced,Bachelor's Degree,BA,
1283,59,Over 55,Male,Single,Master's Degree,Software BE,
1285,34,25 - 34,Female,Divorced,Bachelor's Degree,Software BE,
1286,28,25 - 34,Male,Single,Master's Degree,Software BE,
1288,44,35 - 44,Male,Divorced,Associates Degree,BE,
1289,34,25 - 34,Male,Married,Bachelor's Degree,Human Resources,
1291,35,35 - 44,Male,Married,High School,BE,
1292,42,35 - 44,Female,Married,Master's Degree,Software BE,
1293,43,35 - 44,Female,Single,Master's Degree,MBA,
1294,36,35 - 44,Female,Single,Master's Degree,BE,
1295,44,35 - 44,Female,Married,Bachelor's Degree,Software BE,
1296,28,25 - 34,Male,Married,Bachelor's Degree,BE,
1297,51,45 - 54,Female,Single,Associates Degree,Software BE,
1298,30,25 - 34,Female,Single,Associates Degree,Software BE,
1299,29,25 - 34,Female,Divorced,Bachelor's Degree,Diploma,
1301,28,25 - 34,Male,Single,Bachelor's Degree,Diploma,
1303,25,25 - 34,Female,Single,Bachelor's Degree,Software BE,
1304,32,25 - 34,Male,Married,Bachelor's Degree,BSc. Computers,
1306,45,45 - 54,Female,Single,Bachelor's Degree,Software BE,
1307,39,35 - 44,Female,Divorced,Master's Degree,Software BE,
1308,58,Over 55,Male,Divorced,Master's Degree,BE,
1309,32,25 - 34,Male,Married,Associates Degree,BE,
1310,39,35 - 44,Male,Single,Bachelor's Degree,Software BE,
1311,30,25 - 34,Female,Married,Bachelor's Degree,Diploma,
1312,36,35 - 44,Female,Married,Master's Degree,Diploma,
1314,46,45 - 54,Female,Single,Associates Degree,Human Resources,
1315,28,25 - 34,Female,Married,Bachelor's Degree,BE,
1317,50,45 - 54,Female,Married,Bachelor's Degree,BE,
1318,40,35 - 44,Male,Single,Master's Degree,MBA,
1319,52,45 - 54,Male,Single,Bachelor's Degree,BA,
1321,30,25 - 34,Female,Married,Master's Degree,Software BE,
1322,39,35 - 44,Male,Single,Associates Degree,BE,
1324,31,25 - 34,Female,Divorced,Master's Degree,BA,
1329,41,35 - 44,Male,Single,Associates Degree,BSc. Computers,
1331,31,25 - 34,Female,Single,Bachelor's Degree,BA,
1333,44,35 - 44,Male,Married,Bachelor's Degree,BE,
1334,42,35 - 44,Male,Married,High School,BE,
1336,55,Over 55,Female,Married,Associates Degree,Software BE,
1338,56,Over 55,Male,Single,Master's Degree,Human Resources,
1340,40,35 - 44,Male,Divorced,Associates Degree,BE,
1344,34,25 - 34,Male,Divorced,Bachelor's Degree,BE,
1346,40,35 - 44,Male,Single,Bachelor's Degree,BE,
1349,41,35 - 44,Female,Divorced,Bachelor's Degree,MBA,
1350,35,35 - 44,Male,Single,Master's Degree,BE,
1352,51,45 - 54,Male,Divorced,Bachelor's Degree,Human Resources,
1355,38,35 - 44,Female,Divorced,Associates Degree,BA,
1356,34,25 - 34,Female,Single,Associates Degree,BSc. Computers,
1358,25,25 - 34,Male,Married,High School,Software BE,
1360,58,Over 55,Female,Married,Master's Degree,Software BE,
1361,40,35 - 44,Male,Married,Master's Degree,BE,
1362,36,35 - 44,Female,Married,Bachelor's Degree,MBA,
1363,48,45 - 54,Male,Single,Bachelor's Degree,BE,
1364,27,25 - 34,Female,Married,Bachelor's Degree,BSc. Computers,
1367,51,45 - 54,Female,Single,Associates Degree,Diploma,
1368,18,Under 25,Female,Single,Bachelor's Degree,BE,
1369,35,35 - 44,Female,Married,Bachelor's Degree,Software BE,
1371,27,25 - 34,Male,Single,High School,BA,
1372,55,Over 55,Male,Single,Master's Degree,MBA,
1373,56,Over 55,Male,Married,Bachelor's Degree,BE,
1374,34,25 - 34,Female,Divorced,High School,Diploma,
1375,40,35 - 44,Female,Divorced,High School,Software BE,
1377,34,25 - 34,Male,Married,Bachelor's Degree,Software BE,
1379,31,25 - 34,Female,Single,Bachelor's Degree,BA,
1380,35,35 - 44,Female,Married,Master's Degree,MBA,
1382,38,35 - 44,Male,Divorced,Bachelor's Degree,BE,
1383,34,25 - 34,Female,Single,Master's Degree,Diploma,
1387,28,25 - 34,Male,Married,Bachelor's Degree,BA,
1389,31,25 - 34,Male,Married,Master's Degree,Software BE,
1390,39,35 - 44,Male,Married,Master's Degree,BA,
1391,51,45 - 54,Male,Married,Bachelor's Degree,MBA,
1392,41,35 - 44,Female,Divorced,Bachelor's Degree,BE,
1394,37,35 - 44,Male,Married,High School,BE,
1395,33,25 - 34,Male,Married,High School,BA,
1396,32,25 - 34,Male,Married,High School,MBA,
1397,39,35 - 44,Male,Married,Associates Degree,BE,
1399,25,25 - 34,Male,Married,High School,BA,
1401,52,45 - 54,Female,Married,Associates Degree,Software BE,
1402,43,35 - 44,Female,Single,Bachelor's Degree,Software BE,
1403,27,25 - 34,Female,Married,Bachelor's Degree,MBA,
1405,27,25 - 34,Female,Single,Master's Degree,BE,
1407,26,25 - 34,Male,Single,High School,Software BE,
1408,42,35 - 44,Female,Married,Bachelor's Degree,Human Resources,
1955,32,25 - 34,Female,Divorced,Master's Degree,Software BE,
1662,36,35 - 44,Female,Married,Master's Degree,Software BE,
1630,35,35 - 44,Female,Married,Master's Degree,BE,
2000,47,45 - 54,Female,Married,High School,Software BE,
1839,18,Under 25,Female,Single,Bachelor's Degree,Software BE,
1929,39,35 - 44,Female,Married,Master's Degree,BA,
1495,24,Under 25,Female,Married,Associates Degree,BA,
1756,33,25 - 34,Female,Single,Bachelor's Degree,MBA,
1900,48,45 - 54,Female,Divorced,Bachelor's Degree,Software BE,
2025,36,35 - 44,Female,Divorced,Associates Degree,BE,
1760,38,35 - 44,Female,Married,Associates Degree,Software BE,
1870,27,25 - 34,Female,Married,Bachelor's Degree,BE,
1985,40,35 - 44,Female,Married,Bachelor's Degree,Diploma,
1513,29,25 - 34,Female,Married,High School,BE,
1633,39,35 - 44,Female,Single,Bachelor's Degree,Software BE,
1480,42,35 - 44,Female,Single,Associates Degree,Software BE,
1745,30,25 - 34,Female,Single,Master's Degree,Diploma,
1481,44,35 - 44,Female,Married,Doctoral Degree,MBA,
1833,31,25 - 34,Female,Married,Master's Degree,MBA,
1987,25,25 - 34,Female,Married,Bachelor's Degree,Human Resources,
1625,47,45 - 54,Female,Married,Master's Degree,Human Resources,
1461,31,25 - 34,Female,Single,Associates Degree,Software BE,
1916,31,25 - 34,Female,Divorced,Bachelor's Degree,Software BE,
1829,40,35 - 44,Female,Divorced,Bachelor's Degree,BE,
1822,40,35 - 44,Female,Divorced,Bachelor's Degree,BE,
1762,29,25 - 34,Female,Divorced,Bachelor's Degree,Diploma,
1658,34,25 - 34,Female,Divorced,Bachelor's Degree,BE,
1635,45,45 - 54,Female,Divorced,Associates Degree,Btech,
1656,50,45 - 54,Female,Divorced,Doctoral Degree,BE,
1502,33,25 - 34,Female,Married,Master's Degree,Software BE,
1866,43,35 - 44,Female,Married,Bachelor's Degree,Software BE,
1786,51,45 - 54,Female,Married,Bachelor's Degree,Diploma,
1701,34,25 - 34,Female,Married,Bachelor's Degree,BE,
1647,27,25 - 34,Female,Married,Bachelor's Degree,Software BE,
1409,52,45 - 54,Female,Married,Master's Degree,Btech,
2015,38,35 - 44,Female,Married,Bachelor's Degree,Software BE,
1640,37,35 - 44,Female,Married,Bachelor's Degree,Software BE,
1544,29,25 - 34,Female,Married,High School,Btech,
2052,35,35 - 44,Female,Married,Master's Degree,BE,
1802,40,35 - 44,Female,Married,Associates Degree,BE,
1617,49,45 - 54,Female,Married,Master's Degree,BE,
1576,48,45 - 54,Female,Married,Master's Degree,Btech,
1447,34,25 - 34,Female,Married,Bachelor's Degree,BE,
1555,32,25 - 34,Female,Married,Associates Degree,BE,
1782,38,35 - 44,Female,Married,Associates Degree,Btech,
1687,38,35 - 44,Female,Married,Associates Degree,Software BE,
1709,29,25 - 34,Female,Married,Master's Degree,Software BE,
1830,54,45 - 54,Female,Married,Master's Degree,Software BE,
1628,40,35 - 44,Female,Married,Bachelor's Degree,BE,
1655,49,45 - 54,Female,Married,Master's Degree,Btech,
1969,54,45 - 54,Female,Married,Associates Degree,BE,
1443,47,45 - 54,Female,Married,Master's Degree,Software BE,
1888,45,45 - 54,Female,Married,Associates Degree,BE,
1651,36,35 - 44,Female,Married,Master's Degree,BE,
1607,32,25 - 34,Female,Married,Master's Degree,Btech,
2051,40,35 - 44,Female,Married,Master's Degree,Software BE,
1430,31,25 - 34,Female,Single,Doctoral Degree,BE,
1411,37,35 - 44,Female,Single,Bachelor's Degree,Software BE,
1816,30,25 - 34,Female,Single,Bachelor's Degree,Software BE,
1525,39,35 - 44,Female,Single,Bachelor's Degree,BE,
1856,47,45 - 54,Female,Single,Master's Degree,BE,
2010,32,25 - 34,Female,Single,Master's Degree,BE,
1735,23,Under 25,Female,Single,High School,Software BE,
1751,27,25 - 34,Female,Single,Bachelor's Degree,Software BE,
2054,29,25 - 34,Female,Single,Master's Degree,Software BE,
1529,35,35 - 44,Female,Single,Bachelor's Degree,BE,
1719,45,45 - 54,Female,Single,Associates Degree,Diploma,
1422,54,45 - 54,Female,Single,Bachelor's Degree,Software BE,
1863,46,45 - 54,Female,Divorced,Bachelor's Degree,BA,
1557,48,45 - 54,Female,Divorced,Master's Degree,BA,
1428,30,25 - 34,Female,Divorced,Master's Degree,MBA,
1676,47,45 - 54,Female,Divorced,Master's Degree,BA,
2041,38,35 - 44,Female,Married,Associates Degree,BA,
2045,36,35 - 44,Female,Married,Master's Degree,MBA,
2056,39,35 - 44,Female,Married,High School,MBA,
1986,40,35 - 44,Female,Married,Associates Degree,MBA,
1875,28,25 - 34,Female,Married,Bachelor's Degree,BSc. Computers,
1527,46,45 - 54,Female,Married,Bachelor's Degree,BA,
1935,56,Over 55,Female,Married,Doctoral Degree,MBA,
1598,40,35 - 44,Female,Married,Associates Degree,BA,
1784,31,25 - 34,Female,Married,Master's Degree,MBA,
2024,36,35 - 44,Female,Married,Bachelor's Degree,BSc. Computers,
1673,31,25 - 34,Female,Married,Master's Degree,BA,
1436,36,35 - 44,Female,Married,Master's Degree,MBA,
2016,32,25 - 34,Female,Married,Master's Degree,MBA,
1898,27,25 - 34,Female,Single,Associates Degree,BSc. Computers,
1583,38,35 - 44,Female,Single,Bachelor's Degree,BA,
1585,36,35 - 44,Female,Single,Master's Degree,BA,
1657,20,Under 25,Female,Single,Bachelor's Degree,BSc. Computers,
1710,36,35 - 44,Female,Single,Master's Degree,BA,
1779,34,25 - 34,Female,Single,Associates Degree,BA,
2060,26,25 - 34,Female,Single,Bachelor's Degree,B.Com,
2046,45,45 - 54,Female,Single,Bachelor's Degree,BA,
1757,49,45 - 54,Female,Single,Master's Degree,MBA,
1858,28,25 - 34,Male,Divorced,Associates Degree,Human Resources,
1805,38,35 - 44,Male,Divorced,Bachelor's Degree,Human Resources,
1722,41,35 - 44,Male,Married,Bachelor's Degree,Human Resources,
1804,35,35 - 44,Male,Divorced,Associates Degree,Software BE,
1468,40,35 - 44,Male,Divorced,High School,Software BE,
1482,30,25 - 34,Male,Divorced,Bachelor's Degree,Diploma,
1449,40,35 - 44,Male,Divorced,Master's Degree,Btech,
1771,33,25 - 34,Male,Divorced,Bachelor's Degree,Diploma,
1994,33,25 - 34,Male,Divorced,Associates Degree,Software BE,
1934,47,45 - 54,Male,Married,Master's Degree,Diploma,
1574,32,25 - 34,Male,Married,Master's Degree,Diploma,
1813,43,35 - 44,Male,Single,Bachelor's Degree,BE,
2057,31,25 - 34,Male,Single,Bachelor's Degree,Software BE,
1764,32,25 - 34,Male,Single,Master's Degree,Diploma,
1471,44,35 - 44,Male,Single,Bachelor's Degree,BE,
1947,28,25 - 34,Male,Single,Bachelor's Degree,Software BE,
1440,37,35 - 44,Male,Single,Associates Degree,Diploma,
1976,42,35 - 44,Male,Single,Associates Degree,BE,
2022,39,35 - 44,Male,Single,Bachelor's Degree,BE,
2019,52,45 - 54,Male,Divorced,Master's Degree,BA,
1612,45,45 - 54,Male,Married,Bachelor's Degree,MBA,
1731,47,45 - 54,Male,Married,Master's Degree,MBA,
1801,46,45 - 54,Male,Single,Associates Degree,BA,
1563,38,35 - 44,Male,Married,Master's Degree,Human Resources,
1746,24,Under 25,Male,Married,Bachelor's Degree,Software BE,
1590,29,25 - 34,Male,Divorced,High School,BE,
1615,34,25 - 34,Male,Divorced,Master's Degree,BE,
1485,34,25 - 34,Male,Divorced,Bachelor's Degree,Software BE,
1431,34,25 - 34,Male,Divorced,Master's Degree,Btech,
1653,25,25 - 34,Male,Divorced,High School,BE,
1941,49,45 - 54,Male,Married,High School,BE,
1852,29,25 - 34,Male,Married,High School,Software BE,
1997,38,35 - 44,Male,Married,Master's Degree,BE,
1720,32,25 - 34,Male,Married,Bachelor's Degree,BE,
1918,26,25 - 34,Male,Married,Bachelor's Degree,Btech,
2061,36,35 - 44,Male,Married,Associates Degree,Software BE,
1597,34,25 - 34,Male,Married,Master's Degree,Diploma,
1668,38,35 - 44,Male,Married,Bachelor's Degree,BE,
1922,45,45 - 54,Male,Single,Master's Degree,Software BE,
1412,35,35 - 44,Male,Single,Associates Degree,BE,
1648,27,25 - 34,Male,Single,Bachelor's Degree,Software BE,
1812,39,35 - 44,Male,Divorced,Bachelor's Degree,BA,
1700,37,35 - 44,Male,Divorced,Master's Degree,BSc. Computers,
2065,49,45 - 54,Male,Married,Bachelor's Degree,BSc. Computers,
1477,33,25 - 34,Male,Married,Bachelor's Degree,BSc. Computers,
1507,28,25 - 34,Male,Single,Bachelor's Degree,BA,
1613,31,25 - 34,Male,Single,Master's Degree,B.Com,
1853,32,25 - 34,Male,Single,Master's Degree,MBA,
1794,37,35 - 44,Male,Divorced,Associates Degree,Btech,
1865,29,25 - 34,Male,Married,High School,Software BE,
1419,29,25 - 34,Male,Single,Bachelor's Degree,Btech,
1778,43,35 - 44,Male,Single,Bachelor's Degree,Human Resources,
1694,55,Over 55,Male,Divorced,Bachelor's Degree,Diploma,
1506,28,25 - 34,Male,Divorced,Bachelor's Degree,BE,
1892,40,35 - 44,Male,Divorced,Master's Degree,BE,
1881,31,25 - 34,Male,Divorced,Bachelor's Degree,BE,
1627,39,35 - 44,Male,Divorced,Associates Degree,Software BE,
1474,40,35 - 44,Male,Divorced,Bachelor's Degree,Software BE,
1857,46,45 - 54,Male,Divorced,Associates Degree,BE,
1599,43,35 - 44,Male,Divorced,Bachelor's Degree,Diploma,
1940,38,35 - 44,Male,Divorced,Associates Degree,BE,
1424,55,Over 55,Male,Divorced,Master's Degree,Software BE,
1484,49,45 - 54,Male,Divorced,Master's Degree,BE,
1859,29,25 - 34,Male,Divorced,High School,BE,
1619,27,25 - 34,Male,Divorced,Bachelor's Degree,Btech,
1671,32,25 - 34,Male,Divorced,Bachelor's Degree,Software BE,
1553,45,45 - 54,Male,Divorced,Master's Degree,Diploma,
1725,24,Under 25,Male,Divorced,High School,Software BE,
1551,24,Under 25,Male,Divorced,Associates Degree,Diploma,
1871,39,35 - 44,Male,Divorced,Master's Degree,Btech,
2031,42,35 - 44,Male,Married,Bachelor's Degree,BE,
1543,37,35 - 44,Male,Married,Bachelor's Degree,Software BE,
1434,27,25 - 34,Male,Married,High School,BE,
1621,35,35 - 44,Male,Married,Doctoral Degree,BE,
2068,34,25 - 34,Male,Married,Bachelor's Degree,Software BE,
1689,53,45 - 54,Male,Married,Master's Degree,Software BE,
1867,48,45 - 54,Male,Married,Bachelor's Degree,BE,
1989,30,25 - 34,Male,Married,Associates Degree,Software BE,
1954,29,25 - 34,Male,Married,Bachelor's Degree,BE,
1473,49,45 - 54,Male,Married,Master's Degree,Diploma,
1971,43,35 - 44,Male,Married,Bachelor's Degree,BE,
1415,25,25 - 34,Male,Married,Bachelor's Degree,Diploma,
1438,47,45 - 54,Male,Married,Bachelor's Degree,Diploma,
1826,35,35 - 44,Male,Married,Master's Degree,Software BE,
1609,30,25 - 34,Male,Married,Bachelor's Degree,Software BE,
1696,34,25 - 34,Male,Married,Associates Degree,Software BE,
1931,27,25 - 34,Male,Married,Master's Degree,Diploma,
1721,31,25 - 34,Male,Married,Master's Degree,BE,
1729,30,25 - 34,Male,Married,High School,BE,
1580,34,25 - 34,Male,Married,Master's Degree,BE,
1903,44,35 - 44,Male,Married,Master's Degree,BE,
1542,42,35 - 44,Male,Married,Bachelor's Degree,Software BE,
1601,35,35 - 44,Male,Married,Associates Degree,BE,
1911,42,35 - 44,Male,Married,Bachelor's Degree,Software BE,
1799,28,25 - 34,Male,Married,Bachelor's Degree,BE,
1763,30,25 - 34,Male,Married,Bachelor's Degree,BE,
1707,24,Under 25,Male,Married,Bachelor's Degree,Software BE,
2062,39,35 - 44,Male,Married,High School,Software BE,
1523,44,35 - 44,Male,Married,Bachelor's Degree,BE,
1728,35,35 - 44,Male,Married,Master's Degree,BE,
1798,33,25 - 34,Male,Married,Master's Degree,BE,
1592,23,Under 25,Male,Married,Bachelor's Degree,Diploma,
1682,36,35 - 44,Male,Married,Master's Degree,BE,
2012,40,35 - 44,Male,Married,Master's Degree,BE,
1803,42,35 - 44,Male,Married,Bachelor's Degree,Software BE,
1596,35,35 - 44,Male,Married,Bachelor's Degree,BE,
1514,28,25 - 34,Male,Married,High School,BE,
1558,29,25 - 34,Male,Married,Bachelor's Degree,BE,
1618,39,35 - 44,Male,Married,Doctoral Degree,Software BE,
1698,33,25 - 34,Male,Married,Bachelor's Degree,Software BE,
1770,55,Over 55,Male,Married,Bachelor's Degree,Software BE,
1631,37,35 - 44,Male,Married,Bachelor's Degree,BE,
1718,26,25 - 34,Male,Married,Master's Degree,Software BE,
1435,36,35 - 44,Male,Single,Master's Degree,BE,
1659,36,35 - 44,Male,Single,Bachelor's Degree,BE,
1533,23,Under 25,Male,Single,High School,BE,
1577,34,25 - 34,Male,Single,Master's Degree,Software BE,
2014,39,35 - 44,Male,Single,High School,BE,
1981,24,Under 25,Male,Single,Associates Degree,BE,
2008,35,35 - 44,Male,Single,Master's Degree,Software BE,
1814,41,35 - 44,Male,Single,Bachelor's Degree,BE,
2048,40,35 - 44,Male,Single,Master's Degree,BE,
1952,26,25 - 34,Male,Single,Bachelor's Degree,Software BE,
1727,46,45 - 54,Male,Single,Master's Degree,BE,
1677,49,45 - 54,Male,Single,Bachelor's Degree,BE,
1623,21,Under 25,Male,Single,High School,Software BE,
1417,26,25 - 34,Male,Single,Bachelor's Degree,Btech,
1564,35,35 - 44,Male,Single,Bachelor's Degree,Software BE,
1545,33,25 - 34,Male,Single,Bachelor's Degree,BE,
1883,29,25 - 34,Male,Single,Bachelor's Degree,BE,
2038,32,25 - 34,Male,Single,Bachelor's Degree,Diploma,
1475,44,35 - 44,Male,Single,Bachelor's Degree,BE,
1860,42,35 - 44,Male,Single,Bachelor's Degree,BE,
2007,22,Under 25,Male,Single,Associates Degree,BE,
1982,23,Under 25,Male,Single,Associates Degree,Btech,
1472,53,45 - 54,Male,Single,Bachelor's Degree,Software BE,
1453,31,25 - 34,Male,Divorced,Associates Degree,BA,
1754,30,25 - 34,Male,Divorced,Associates Degree,MBA,
2037,41,35 - 44,Male,Divorced,Bachelor's Degree,BA,
1951,34,25 - 34,Male,Divorced,Master's Degree,BSc. Computers,
1497,29,25 - 34,Male,Divorced,Bachelor's Degree,BA,
1670,33,25 - 34,Male,Divorced,Master's Degree,BSc. Computers,
1466,48,45 - 54,Male,Divorced,Bachelor's Degree,MBA,
1548,40,35 - 44,Male,Married,Associates Degree,BSc. Computers,
1560,33,25 - 34,Male,Married,Master's Degree,BA,
1996,31,25 - 34,Male,Married,Associates Degree,BA,
1749,31,25 - 34,Male,Married,Bachelor's Degree,BA,
2013,32,25 - 34,Male,Married,Master's Degree,BSc. Computers,
1945,35,35 - 44,Male,Married,Master's Degree,BSc. Computers,
1568,30,25 - 34,Male,Married,Master's Degree,BA,
1582,38,35 - 44,Male,Married,Bachelor's Degree,BA,
1739,32,25 - 34,Male,Married,Bachelor's Degree,BA,
1492,35,35 - 44,Male,Married,High School,BA,
1446,32,25 - 34,Male,Married,Doctoral Degree,MBA,
1588,39,35 - 44,Male,Married,Bachelor's Degree,BSc. Computers,
1787,37,35 - 44,Male,Married,Associates Degree,MBA,
1908,36,35 - 44,Male,Married,Associates Degree,MBA,
1995,38,35 - 44,Male,Married,Master's Degree,BA,
1479,30,25 - 34,Male,Married,High School,BA,
1961,38,35 - 44,Male,Single,Bachelor's Degree,BA,
1975,39,35 - 44,Male,Single,Master's Degree,MBA,
1740,40,35 - 44,Male,Single,Master's Degree,BSc. Computers,
1924,33,25 - 34,Male,Single,Master's Degree,MBA,
1650,29,25 - 34,Male,Single,Bachelor's Degree,BSc. Computers,
1836,26,25 - 34,Male,Single,Bachelor's Degree,BSc. Computers,
1478,34,25 - 34,Male,Single,Bachelor's Degree,B.Com,
1680,20,Under 25,Male,Single,High School,BA,
1469,28,25 - 34,Male,Single,Bachelor's Degree,BSc. Computers,
1708,41,35 - 44,Male,Single,Bachelor's Degree,MBA,
1965,27,25 - 34,Male,Single,Bachelor's Degree,MBA,
1602,46,45 - 54,Male,Single,Master's Degree,BA,
1605,22,Under 25,Female,Married,Associates Degree,Btech,
1937,38,35 - 44,Female,Divorced,Bachelor's Degree,Software BE,
1646,24,Under 25,Female,Single,High School,Diploma,
1850,27,25 - 34,Female,Single,Associates Degree,BE,
1683,44,35 - 44,Female,Divorced,Bachelor's Degree,Human Resources,
2040,35,35 - 44,Female,Single,Master's Degree,Human Resources,
1608,44,35 - 44,Female,Divorced,Bachelor's Degree,Software BE,
1827,47,45 - 54,Female,Divorced,Bachelor's Degree,BE,
1674,49,45 - 54,Female,Divorced,Bachelor's Degree,Software BE,
1974,31,25 - 34,Female,Divorced,High School,Software BE,
1886,35,35 - 44,Female,Married,Associates Degree,Btech,
1893,26,25 - 34,Female,Married,Associates Degree,BE,
1724,40,35 - 44,Female,Married,Associates Degree,BE,
2009,33,25 - 34,Female,Married,Associates Degree,Software BE,
1661,49,45 - 54,Female,Married,High School,BE,
1703,44,35 - 44,Female,Married,Bachelor's Degree,BE,
1638,38,35 - 44,Female,Married,Associates Degree,Software BE,
1614,36,35 - 44,Female,Married,Master's Degree,BE,
1587,35,35 - 44,Female,Single,Master's Degree,Software BE,
1611,45,45 - 54,Female,Single,Doctoral Degree,Software BE,
1980,54,45 - 54,Female,Single,Bachelor's Degree,Software BE,
1641,40,35 - 44,Female,Single,Bachelor's Degree,BE,
1815,41,35 - 44,Female,Divorced,High School,MBA,
1912,31,25 - 34,Female,Divorced,Associates Degree,BSc. Computers,
1962,35,35 - 44,Female,Married,Master's Degree,BA,
1915,34,25 - 34,Female,Married,High School,BSc. Computers,
1880,36,35 - 44,Female,Married,Master's Degree,BA,
1503,47,45 - 54,Female,Married,Bachelor's Degree,BSc. Computers,
1938,58,Over 55,Female,Married,Bachelor's Degree,BA,
1445,24,Under 25,Female,Married,High School,BSc. Computers,
1425,36,35 - 44,Female,Single,Master's Degree,MBA,
1552,40,35 - 44,Male,Divorced,Associates Degree,BE,
1948,31,25 - 34,Male,Divorced,Associates Degree,Software BE,
1737,39,35 - 44,Male,Married,Bachelor's Degree,BE,
1774,34,25 - 34,Male,Divorced,Bachelor's Degree,BA,
1642,44,35 - 44,Male,Married,Doctoral Degree,Human Resources,
1972,38,35 - 44,Male,Married,Master's Degree,Btech,
1837,58,Over 55,Male,Married,Master's Degree,BE,
1932,34,25 - 34,Male,Married,Master's Degree,Btech,
1594,36,35 - 44,Male,Married,Master's Degree,BE,
1606,50,45 - 54,Male,Married,Doctoral Degree,Software BE,
1547,42,35 - 44,Male,Married,Bachelor's Degree,BE,
2049,35,35 - 44,Male,Married,Master's Degree,BE,
1704,35,35 - 44,Male,Single,Master's Degree,Software BE,
1496,44,35 - 44,Male,Single,High School,Software BE,
1539,50,45 - 54,Male,Single,Doctoral Degree,Software BE,
1753,29,25 - 34,Male,Single,Bachelor's Degree,BE,
1927,28,25 - 34,Male,Married,Associates Degree,BA,
1973,55,Over 55,Male,Married,Master's Degree,Human Resources,
1460,45,45 - 54,Male,Divorced,Bachelor's Degree,Software BE,
1789,46,45 - 54,Male,Divorced,Master's Degree,Software BE,
1998,42,35 - 44,Male,Divorced,Master's Degree,BE,
1992,25,25 - 34,Male,Divorced,High School,Btech,
1448,41,35 - 44,Male,Married,Doctoral Degree,Software BE,
1501,55,Over 55,Male,Married,Master's Degree,BE,
1766,38,35 - 44,Male,Married,Bachelor's Degree,Software BE,
1549,33,25 - 34,Male,Married,Master's Degree,BE,
2053,29,25 - 34,Male,Married,Associates Degree,Btech,
1790,36,35 - 44,Male,Married,Bachelor's Degree,BE,
2003,35,35 - 44,Male,Married,Master's Degree,Software BE,
1465,45,45 - 54,Male,Married,Bachelor's Degree,Diploma,
1755,34,25 - 34,Male,Married,Master's Degree,Software BE,
1586,29,25 - 34,Male,Single,High School,Software BE,
2020,44,35 - 44,Male,Single,Bachelor's Degree,Software BE,
1515,33,25 - 34,Male,Single,Doctoral Degree,BE,
1669,29,25 - 34,Male,Divorced,Bachelor's Degree,BSc. Computers,
1732,46,45 - 54,Male,Divorced,Bachelor's Degree,BA,
1943,42,35 - 44,Male,Divorced,Master's Degree,MBA,
1535,34,25 - 34,Male,Married,Bachelor's Degree,BA,
1591,50,45 - 54,Male,Married,Bachelor's Degree,MBA,
1706,43,35 - 44,Male,Married,Bachelor's Degree,BSc. Computers,
1882,34,25 - 34,Male,Married,Bachelor's Degree,BA,
2021,21,Under 25,Male,Single,High School,BSc. Computers,
1678,41,35 - 44,Male,Single,Associates Degree,BA,
1979,31,25 - 34,Female,Married,Bachelor's Degree,Software BE,
1845,45,45 - 54,Female,Married,Master's Degree,BA,
1520,54,45 - 54,Female,Divorced,Master's Degree,Software BE,
1675,38,35 - 44,Female,Single,Bachelor's Degree,Software BE,
1736,31,25 - 34,Female,Single,High School,Diploma,
1744,45,45 - 54,Female,Married,Bachelor's Degree,Human Resources,
1622,28,25 - 34,Female,Divorced,Bachelor's Degree,Software BE,
1581,26,25 - 34,Female,Married,Bachelor's Degree,BE,
2034,41,35 - 44,Female,Married,Master's Degree,BE,
1441,56,Over 55,Female,Married,Associates Degree,BE,
1665,54,45 - 54,Female,Married,Doctoral Degree,Software BE,
1509,49,45 - 54,Female,Married,Associates Degree,Software BE,
1834,28,25 - 34,Female,Married,Bachelor's Degree,Software BE,
1864,27,25 - 34,Female,Married,High School,BSc. Computers,
1909,41,35 - 44,Female,Married,Bachelor's Degree,MBA,
1554,35,35 - 44,Female,Married,Master's Degree,BA,
2035,34,25 - 34,Female,Married,Bachelor's Degree,MBA,
2026,56,Over 55,Male,Divorced,Master's Degree,BE,
1949,36,35 - 44,Male,Married,Master's Degree,BE,
1712,45,45 - 54,Male,Married,High School,BE,
1854,42,35 - 44,Male,Married,Master's Degree,Diploma,
1693,26,25 - 34,Male,Single,Bachelor's Degree,Software BE,
1824,58,Over 55,Male,Divorced,Bachelor's Degree,BSc. Computers,
2036,36,35 - 44,Male,Divorced,Master's Degree,MBA,
1890,36,35 - 44,Male,Single,High School,Human Resources,
1970,33,25 - 34,Male,Divorced,Associates Degree,BE,
1956,31,25 - 34,Male,Married,Bachelor's Degree,BE,
1644,48,45 - 54,Male,Married,Doctoral Degree,Software BE,
1849,43,35 - 44,Male,Married,Master's Degree,BA,
1499,30,25 - 34,Male,Divorced,Bachelor's Degree,Human Resources,
1697,60,Over 55,Male,Divorced,Master's Degree,Software BE,
1664,36,35 - 44,Male,Divorced,Associates Degree,BE,
1772,41,35 - 44,Male,Divorced,Master's Degree,BE,
1768,42,35 - 44,Male,Divorced,Bachelor's Degree,Software BE,
1654,39,35 - 44,Male,Married,Bachelor's Degree,Software BE,
1936,39,35 - 44,Male,Married,Associates Degree,Software BE,
1873,55,Over 55,Male,Married,Master's Degree,Diploma,
1483,57,Over 55,Male,Married,Associates Degree,BE,
1666,43,35 - 44,Male,Married,Associates Degree,BE,
1999,41,35 - 44,Male,Married,Bachelor's Degree,BE,
1546,45,45 - 54,Male,Married,Bachelor's Degree,Diploma,
1993,47,45 - 54,Male,Single,Bachelor's Degree,Software BE,
1800,39,35 - 44,Male,Single,High School,Software BE,
1516,32,25 - 34,Male,Single,Bachelor's Degree,Software BE,
1966,32,25 - 34,Male,Single,Master's Degree,BE,
1595,42,35 - 44,Male,Single,Associates Degree,Btech,
1578,55,Over 55,Male,Married,Doctoral Degree,MBA,
1823,34,25 - 34,Male,Married,Associates Degree,BA,
1950,34,25 - 34,Male,Single,Bachelor's Degree,MBA,
1775,53,45 - 54,Female,Married,Master's Degree,Software BE,
1681,33,25 - 34,Female,Divorced,Bachelor's Degree,BA,
2017,37,35 - 44,Female,Married,Bachelor's Degree,BE,
1423,58,Over 55,Female,Married,Bachelor's Degree,Software BE,
1847,36,35 - 44,Female,Married,Master's Degree,Btech,
2018,25,25 - 34,Female,Divorced,Associates Degree,B.Com,
1835,38,35 - 44,Female,Married,Master's Degree,MBA,
1550,40,35 - 44,Male,Single,Associates Degree,Software BE,
2064,27,25 - 34,Male,Married,Bachelor's Degree,BE,
1885,37,35 - 44,Male,Married,Master's Degree,Software BE,
1541,34,25 - 34,Male,Married,Associates Degree,BA,
1556,36,35 - 44,Male,Single,Master's Degree,BA,
1747,30,25 - 34,Female,Divorced,Bachelor's Degree,Human Resources,
1944,27,25 - 34,Female,Married,Bachelor's Degree,Human Resources,
1459,31,25 - 34,Female,Single,Doctoral Degree,BE,
1537,31,25 - 34,Female,Single,Bachelor's Degree,BE,
1487,29,25 - 34,Female,Single,Bachelor's Degree,BA,
1427,31,25 - 34,Female,Single,Master's Degree,BA,
1467,34,25 - 34,Female,Married,Master's Degree,Diploma,
1572,53,45 - 54,Female,Married,Doctoral Degree,Diploma,
1433,31,25 - 34,Female,Single,Bachelor's Degree,BE,
1752,29,25 - 34,Female,Single,Bachelor's Degree,MBA,
1807,34,25 - 34,Male,Married,Master's Degree,BE,
1504,28,25 - 34,Male,Single,Associates Degree,Software BE,
2044,50,45 - 54,Male,Divorced,Master's Degree,BA,
1716,47,45 - 54,Male,Married,Bachelor's Degree,BA,
1486,28,25 - 34,Male,Married,Bachelor's Degree,BA,
2023,23,Under 25,Male,Married,Bachelor's Degree,MBA,
1928,29,25 - 34,Male,Single,Bachelor's Degree,BA,
1842,31,25 - 34,Male,Married,Doctoral Degree,Human Resources,
1714,24,Under 25,Male,Married,High School,Human Resources,
1960,28,25 - 34,Male,Divorced,Bachelor's Degree,Diploma,
2032,56,Over 55,Male,Married,Associates Degree,Diploma,
1573,38,35 - 44,Male,Married,Bachelor's Degree,Software BE,
1522,29,25 - 34,Male,Single,Master's Degree,Diploma,
1907,56,Over 55,Male,Single,Associates Degree,BE,
1534,40,35 - 44,Male,Single,Master's Degree,BE,
1809,37,35 - 44,Male,Single,Master's Degree,Software BE,
1692,32,25 - 34,Male,Single,Master's Degree,BE,
1457,46,45 - 54,Male,Divorced,Bachelor's Degree,MBA,
1439,25,25 - 34,Male,Married,Associates Degree,BA,
1639,35,35 - 44,Male,Married,Bachelor's Degree,BSc. Computers,
1562,30,25 - 34,Male,Married,Bachelor's Degree,BA,
1761,31,25 - 34,Male,Married,Master's Degree,MBA,
1734,32,25 - 34,Male,Single,Associates Degree,BA,
1780,21,Under 25,Male,Single,High School,MBA,
1876,30,25 - 34,Male,Single,Bachelor's Degree,BSc. Computers,
1939,32,25 - 34,Female,Single,Associates Degree,BE,
1421,29,25 - 34,Female,Single,High School,Btech,
1691,48,45 - 54,Female,Married,Associates Degree,BSc. Computers,
1624,18,Under 25,Female,Single,Associates Degree,BSc. Computers,
1818,26,25 - 34,Female,Married,Associates Degree,Software BE,
1569,35,35 - 44,Female,Divorced,Bachelor's Degree,BE,
1783,22,Under 25,Female,Married,High School,Software BE,
1933,28,25 - 34,Female,Single,Associates Degree,MBA,
1792,44,35 - 44,Male,Divorced,Associates Degree,Software BE,
1464,31,25 - 34,Male,Married,Bachelor's Degree,BE,
1767,43,35 - 44,Male,Married,Bachelor's Degree,Diploma,
1494,24,Under 25,Male,Single,Bachelor's Degree,Software BE,
1967,31,25 - 34,Male,Married,Master's Degree,MBA,
1844,29,25 - 34,Male,Divorced,Bachelor's Degree,Human Resources,
2027,29,25 - 34,Male,Married,Master's Degree,Software BE,
1604,28,25 - 34,Male,Married,Bachelor's Degree,Software BE,
1649,40,35 - 44,Male,Single,Bachelor's Degree,BE,
1684,23,Under 25,Male,Single,High School,Software BE,
2055,50,45 - 54,Male,Divorced,Bachelor's Degree,MBA,
1645,35,35 - 44,Male,Divorced,Associates Degree,BSc. Computers,
1733,36,35 - 44,Male,Divorced,Doctoral Degree,MBA,
1968,53,45 - 54,Male,Single,Master's Degree,BA,
1862,32,25 - 34,Male,Single,Master's Degree,MBA,
1797,35,35 - 44,Male,Single,Bachelor's Degree,BA,
1821,46,45 - 54,Female,Married,Associates Degree,Software BE,
1869,46,45 - 54,Female,Married,Bachelor's Degree,BA,
1420,49,45 - 54,Male,Single,Associates Degree,BE,
1458,39,35 - 44,Female,Single,Bachelor's Degree,BE,
1489,34,25 - 34,Female,Single,Master's Degree,BSc. Computers,
1758,33,25 - 34,Female,Single,Bachelor's Degree,BA,
1905,34,25 - 34,Male,Married,Master's Degree,Diploma,
1868,29,25 - 34,Male,Single,Associates Degree,BE,
1667,35,35 - 44,Male,Single,Master's Degree,B.Com,
1878,22,Under 25,Male,Single,High School,BE,
1702,23,Under 25,Male,Divorced,Bachelor's Degree,BA,
